id,smiles,label
CHEMBL4169012,N#Cc1ccccc1N1CCN(C(=O)c2cc(Cc3n[nH]c(=O)c4ccccc34)cc(F)c2F)CC1,active
CHEMBL3889630,CC(=O)N1CCN(C(=O)c2cc(Cc3n[nH]c(=O)c4c3CCCC4)ccc2F)CC1,active
CHEMBL4170665,O=C(c1cc(Cc2n[nH]c(=O)c3ccccc23)cc(F)c1F)N1CCN(c2ccccn2)CC1,active
CHEMBL4845834,O=C(c1cc(Cc2n[nH]c(=O)c3ccccc23)ccc1F)N1CCN(c2nc3ccccc3[nH]2)CC1,active
CHEMBL4112930,C[C@]12CCCN1CC1=NNC(=O)c3cc(F)cc4[nH]c2c1c34,active
CHEMBL3933136,Cc1cc(-c2[nH]c(=O)c3cc(F)ccc3c2OCCN)ccc1Cl,active
CHEMBL4159834,O=C(c1cc(Cc2n[nH]c(=O)c3ccccc23)cc(F)c1F)N1CCN(c2nccs2)CC1,active
CHEMBL63354,O=c1cc(-c2ccc(O)c(-c3c(O)cc(O)c4c(=O)cc(-c5ccc(O)cc5)oc34)c2)oc2cc(O)cc(O)c12,active
CHEMBL4867855,NC(=O)c1cncc2[nH]c(C3CCN(C(=O)c4cc(Cc5n[nH]c(=O)c6ccccc56)ccc4F)CC3)nc12,active
CHEMBL521686,O=C(c1cc(Cc2n[nH]c(=O)c3ccccc23)ccc1F)N1CCN(C(=O)C2CC2)CC1,active
CHEMBL5176874,COc1ccc(NC(=O)c2ccc(NC(=O)N3CCN(C(=O)c4cc(Cc5n[nH]c(=O)c6ccccc56)ccc4F)CC3)cc2)cc1,active
CHEMBL3958202,CN1CCN(C(=O)c2cc(Cc3n[nH]c(=O)c4c3CCCC4)ccc2F)CC1=O,active
CHEMBL2322618,O=C1NCC2c3c(cccc31)CCN2C(=O)c1cc(Cc2n[nH]c(=O)c3ccccc23)ccc1F,active
CHEMBL5095220,CCc1cc2ncc(CN3CCN(c4ccc(C(=O)NC)nc4)CC3)cc2[nH]c1=O,active
CHEMBL5180001,CCc1cc2ncc(CN3CC4CN(c5ccc(C(=O)NC)nc5)CC4C3)cc2[nH]c1=O,active
CHEMBL493045,O=C(c1cc(Cc2n[nH]c(=O)c3ccccc23)ccc1F)N1CCNCC1,active
CHEMBL2058927,O=C(c1cc(Cc2n[nH]c(=O)c3c2NCCC3)ccc1F)N1CCN(c2cnccn2)CC1,active
CHEMBL2058928,O=C(c1cc(Cc2n[nH]c(=O)c3c2NCCC3)ccc1F)N1CCN(c2ncccn2)CC1,active
CHEMBL4169337,O=C(c1cc(Cc2n[nH]c(=O)c3ccccc23)cc(F)c1F)N1CCN(c2ccc(F)cc2)CC1,active
CHEMBL4171279,O=C(c1cc(Cc2n[nH]c(=O)c3ccccc23)cc(F)c1F)N1CCN(c2ccc([N+](=O)[O-])cc2)CC1,active
CHEMBL4800042,NC(=O)c1ccc(N2CCN(CCCc3cc4c(N)cc(F)cc4c(=O)[nH]3)CC2)cc1,active
CHEMBL4870329,O=C(c1cc(Cc2n[nH]c(=O)c3ccccc23)ccc1F)N1CCn2c(nc3ccc(Cl)cc32)C1,active
CHEMBL5206717,CCc1cc2ncc(CN3CCc4cc(/C=C/C(=O)NC)ccc4C3)cc2[nH]c1=O,active
CHEMBL5182785,NC1CCN(Cc2ccc(-c3[nH]c4cc(F)cc5c4c3CCNC5=O)cc2)CC1,active
CHEMBL5176160,CCc1cc2ncc(CN3CCN(c4ccc5cn[nH]c5n4)CC3)cc2[nH]c1=O,active
CHEMBL4461392,O=C(c1cc(Cc2n[nH]c(=O)c3ccccc23)ccc1F)N1CCN(c2nc(-c3cccc4[nH]ncc34)nc(N3CCOCC3)n2)CC1,active
CHEMBL4870960,Cc1ccc2nc3n(c2c1)CCN(C(=O)c1cc(Cc2n[nH]c(=O)c4ccccc24)ccc1F)C3,active
CHEMBL4860422,O=C(c1cc(Cc2n[nH]c(=O)c3ccccc23)ccc1F)N1CCn2c(nc3ccccc32)C1,active
CHEMBL5174780,Cc1ccc(NC(=O)c2ccc(NC(=O)N3CCN(C(=O)c4cc(Cc5n[nH]c(=O)c6ccccc56)ccc4F)CC3)cc2)cc1,active
CHEMBL5179882,CCc1cc2ncc(CN3CC[C@@H](Nc4ccc(C(=O)NC)nc4)C3)cc2[nH]c1=O,active
CHEMBL595679,O=C1NCC2c3c(cccc31)CCN2C(=O)CN1CCC(c2ccccc2)CC1,active
CHEMBL3985672,O=C(N[C@H]1CC(=O)N(c2cc(Cc3n[nH]c(=O)c4c3CCCC4)ccc2F)C1=O)OCc1ccccc1,active
CHEMBL3919265,O=C(COc1ccccc1)N1CCN(C(=O)c2cc(Cc3n[nH]c(=O)c4c3NCCC4)ccc2F)CC1,active
CHEMBL4161414,O=C(c1cc(Cc2n[nH]c(=O)c3ccccc23)cc(F)c1F)N1CCN(c2ccccc2)CC1,active
CHEMBL4546114,O=C(c1cc(Cc2n[nH]c(=O)c3ccccc23)ccc1F)N1CC2C(=O)N(Cc3ccccc3)C(=O)C2C1,active
CHEMBL4776661,CNCCn1c2c3c4c(cccc41)C(=O)NN=C3CC(C)(C)C2,active
CHEMBL4867531,O=C(c1cc(Cc2n[nH]c(=O)c3ccccc23)ccc1F)N1CCn2c(nc3ccc(F)cc32)C1,active
CHEMBL5089136,CC[C@@H]1CN(C(=O)c2cc(Cn3c(=O)[nH]c(=O)c4ccccc43)ccc2F)CCN1CC,active
CHEMBL3137320,Cn1ncnc1[C@H]1c2n[nH]c(=O)c3cc(F)cc(c23)N[C@@H]1c1ccc(F)cc1,active
CHEMBL5188771,COc1ccccc1NC(=O)c1ccc(NC(=O)N2CCN(C(=O)c3cc(Cc4n[nH]c(=O)c5ccccc45)ccc3F)CC2)cc1,active
CHEMBL6351,COc1cc2nc(N3CCN(C(=O)/C=C/c4ccc(Cl)cc4)CC3)nc(N)c2cc1OC,decoy
CHEMBL6290,COc1cc2nc(N3CCN(C(=O)/C=C/c4ccc(Br)cc4)CC3)nc(N)c2cc1OC,decoy
CHEMBL6313,COc1cc2nc(N3CCN(/C(S)=N/c4ccc(N=[N+]=[N-])cc4)CC3)nc(N)c2cc1OC,decoy
CHEMBL414201,CC(=O)OC1CC2(O)C3CCC4CC(OC=O)CCC4(C)C3CCC2(C)[C@H]1C1=CC(=O)OC1,decoy
CHEMBL266066,C#CCN(Cc1cc2c(O)nc(C)nc2cc1C)c1ccc(C(=O)NCc2cncs2)c(F)c1,decoy
CHEMBL264095,C#CCN(Cc1cc2c(O)nc(C)nc2cc1C)c1ccc(C(=O)NCc2cccc(C#N)c2)c(F)c1,decoy
CHEMBL268151,C#CCN(Cc1cc2c(O)nc(C)nc2cc1C)c1ccc(C(=O)NCc2nccs2)c(F)c1,decoy
CHEMBL6632,C#CCN(Cc1cc2c(O)nc(C)nc2cc1C)c1ccc(C(=O)NCc2ccccn2)c(F)c1,decoy
CHEMBL268854,C#CCN(Cc1ccc2nc(C)nc(O)c2c1)c1ccc(C(=O)NCc2ccc(Cl)cc2)cc1,decoy
CHEMBL268100,C#CCN(Cc1ccc2nc(C)nc(O)c2c1)c1ccc(C(=O)NCc2cccc(C#N)c2)cc1,decoy
CHEMBL6506,CN(C)c1cccc2c(S(=O)(=O)Nc3ncc(Br)nc3OCc3ccccc3)cccc12,decoy
CHEMBL6588,CCOc1nc(Br)cnc1NS(=O)(=O)c1cccc2c(N(C)C)cccc12,decoy
CHEMBL266684,CN(C)c1cccc2c(S(=O)(=O)Nc3ccc(I)cn3)cccc12,decoy
CHEMBL6785,CCN(C)c1cccc2c(S(=O)(=O)Nc3ncc(Br)nc3OC)cccc12,decoy
CHEMBL6471,Cc1c(C)c2c(c(C)c1O)CCC(C)(CN(C)CCOc1ccc(/C=C3\SC(=O)NC3=O)cc1)O2,decoy
CHEMBL6352,Cc1cc(Br)ccc1C(=O)c1ccc(-n2ncc(=O)[nH]c2=O)cc1Cl,decoy
CHEMBL268097,O=C(c1ccc(Cl)cc1Cl)c1ccc(-n2ncc(=O)[nH]c2=O)cc1Cl,decoy
CHEMBL266457,CS(=O)(=O)c1ccc(C(=O)c2ccc(-n3ncc(=O)[nH]c3=O)cc2Cl)cc1,decoy
CHEMBL414196,COc1cc2nc(N3CCN(C(=O)C4CC4c4ccccc4)CC3)nc(N)c2cc1OC,decoy
CHEMBL263077,COc1cc2nc(N3CCN(C(=O)CCc4ccccc4)CC3)nc(N)c2cc1OC,decoy
CHEMBL6348,COc1cc2nc(N3CCN(C(=O)/C=C/c4cccc(F)c4)CC3)nc(N)c2cc1OC,decoy
CHEMBL6339,COc1cc2nc(N3CCN(C(=O)C4CC5C=CC4C5)CC3)nc(N)c2cc1OC,decoy
CHEMBL6340,C/C=C/C=C/C(=O)N1CCN(c2nc(N)c3cc(OC)c(OC)cc3n2)CC1,decoy
CHEMBL268768,COc1cc2nc(N3CCN(C(=O)/C=C/c4ccccc4)CC3)nc(N)c2cc1OC,decoy
CHEMBL6358,COc1cc2nc(N3CCN(C(=O)/C=C/c4ccc(F)cc4)CC3)nc(N)c2cc1OC,decoy
CHEMBL6342,COc1cc2nc(N3CCN(C(=O)/C(F)=C/c4ccccc4)CC3)nc(N)c2cc1OC,decoy
CHEMBL6218,COc1cc2nc(N3CCN(C(=O)Nc4ccccc4)CC3)nc(N)c2cc1OC,decoy
CHEMBL6208,COc1cc2nc(N3CCN(/C(S)=N/C4CCCCC4)CC3)nc(N)c2cc1OC,decoy
CHEMBL429379,COc1cc2nc(N3CCN(C(=O)C4=CC5C=CC4CC5)CC3)nc(N)c2cc1OC,decoy
CHEMBL264721,COc1cc2nc(N3CCN(/C(S)=N/c4ccccc4)CC3)nc(N)c2cc1OC,decoy
CHEMBL6347,COc1ccc(/C=C/C(=O)N2CCN(c3nc(N)c4cc(OC)c(OC)cc4n3)CC2)cc1,decoy
CHEMBL415285,COc1cc2nc(N3CCN(S(=O)(=O)c4ccc(C)cc4)CC3)nc(N)c2cc1OC,decoy
CHEMBL415103,COc1cc2nc(N3CCN(C(=O)C4OC4c4ccccc4)CC3)nc(N)c2cc1OC,decoy
CHEMBL6321,COc1cc2nc(N3CCN(C(=O)/C=C/C(=O)c4ccccc4)CC3)nc(N)c2cc1OC,decoy
CHEMBL6323,COc1cc2nc(N3CCN(C(=O)c4ccc5ccccc5c4)CC3)nc(N)c2cc1OC,decoy
CHEMBL266081,COc1cc2nc(N3CCN(C(=O)c4cccc(CCl)c4)CC3)nc(N)c2cc1OC,decoy
CHEMBL268887,CCNCC1CCN(c2c(F)cc3c(=O)c(C(=O)O)cn(-c4ccc(F)cc4)c3c2F)C1,decoy
CHEMBL267628,CCNCC1CCN(c2c(F)cc3c(=O)c(C(=O)O)cn(C4CCCCC4)c3c2F)C1,decoy
CHEMBL6331,Cn1cc(C2=C(c3cn(CCC[N+](C)(C)C)c4ccccc34)C(=O)NC2=O)c2ccccc21,decoy
CHEMBL268769,CN(C)CCCn1cc(C2=C(c3cn(C)c4ccccc34)C(=O)NC2=O)c2ccccc21,decoy
CHEMBL265663,CCNCC1CCN(c2c(F)cc3c(=O)c(C(=O)O)cn(CC(F)(F)F)c3c2F)C1,decoy
CHEMBL6199,Cn1cc(C2=C(c3cn(CCCCCO)c4ccccc34)C(=O)NC2=O)c2ccccc21,decoy
CHEMBL6235,Cn1cc(C2=C(c3cn(CCCCCN)c4ccccc34)C(=O)NC2=O)c2ccccc21,decoy
CHEMBL6299,CCNCC1CCN(c2c(F)cc3c(=O)c(C(=O)O)cn(-c4nccs4)c3c2F)C1,decoy
CHEMBL263075,CCNCC1CCN(c2c(F)cc3c(=O)c(C(=O)O)cn(-c4ccccc4)c3c2F)C1,decoy
CHEMBL6291,Cn1cc(C2=C(c3cn(CCCSC(=N)N)c4ccccc34)C(=O)NC2=O)c2ccccc21,decoy
CHEMBL268888,Cn1cc(C2=C(c3cn(CCCCSC(=N)N)c4ccccc34)C(=O)NC2=O)c2ccccc21,decoy
CHEMBL6279,Cn1cc(C2=C(c3cn(CCC/N=C(\N)N[N+](=O)[O-])c4ccccc34)C(=O)NC2=O)c2ccccc21,decoy
CHEMBL427969,COC(=O)OC1CCC2(C)C(CCC3C2CCC2(C)[C@@H](C4=CC(=O)OC4)C(O)CC32O)C1,decoy
CHEMBL6512,CCCc1nc(Br)cnc1NS(=O)(=O)c1cccc2c(N(C)C)cccc12,decoy
CHEMBL6436,C#CCN(Cc1cc2c(O)nc(C)nc2cc1C)c1ccc(C(=O)N[C@@H](C(=O)O)C(C)(C)C)c(F)c1,decoy
CHEMBL6663,C#CCN(Cc1ccc2nc(C)nc(O)c2c1)c1ccc(C(=O)N[C@@H](C(=O)O)C(C)(C)C)cc1,decoy
CHEMBL6511,Cc1c(C)c2c(c(C)c1O)CCC(C)(CNCCOc1ccc(/C=C3\SC(=O)NC3=O)cc1)O2,decoy
CHEMBL269600,C#CCN(Cc1ccc2nc(C)nc(O)c2c1)c1ccc(C(=O)NCc2nc(C)cs2)cc1,decoy
CHEMBL6504,C/C=C(/C)C(=O)O[C@@]12C[C@@H](C)[C@]3(O)C4C=C(C)C(=O)[C@@]4(O)CC(COC(C)=O)=C[C@H]3[C@@H]1C2(C)C,decoy
CHEMBL269773,Cc1c(C)c2c(c(C)c1O)C(CN(C)CCOc1ccc(/C=C3\SC(=O)NC3=O)cc1)C(C)(C)O2,decoy
CHEMBL269304,C=C(C)[C@]12C[C@@H](C)[C@@]34OC(Cc5ccccc5)(O[C@@H]1C3C=C(CO)C[C@]1(O)C(=O)C(C)=CC41)O2,decoy
CHEMBL268915,CC(=O)OCC1=C[C@H]2[C@@H]3C(C)(C)[C@]3(OC(=O)Cc3ccccc3)C[C@@H](C)[C@]2(O)C2C=C(C)C(=O)[C@@]2(O)C1,decoy
CHEMBL6599,C/C(=C\Cn1oc(=O)[nH]c1=O)c1ccc(OCc2nc(-c3ccc(C(F)(F)F)cc3)oc2C)cc1,decoy
CHEMBL414010,Cc1oc(-c2ccc(Cl)cc2)nc1COc1cccc(/C=C/C(C)n2oc(=O)[nH]c2=O)c1,decoy
CHEMBL6328,Cc1cc(-n2ncc(=O)[nH]c2=O)ccc1C(=O)c1ccc(C#N)cc1,decoy
CHEMBL6362,Cc1ccc(C(=O)c2ccc(-n3ncc(=O)[nH]c3=O)cc2)cc1,decoy
CHEMBL6363,Cc1cc(-n2ncc(=O)[nH]c2=O)ccc1C(=O)c1ccccc1,decoy
CHEMBL268365,O=C(c1ccccc1)c1ccc(-n2ncc(=O)[nH]c2=O)cc1,decoy
CHEMBL6254,O=C(c1ccccc1)c1cc(-n2ncc(=O)[nH]c2=O)ccc1Cl,decoy
CHEMBL6268,Cc1cc(-n2ncc(=O)[nH]c2=O)ccc1C(O)c1ccccc1,decoy
CHEMBL415286,O=C(c1ccc(-n2ncc(=O)[nH]c2=O)cc1)c1cccs1,decoy
CHEMBL6226,Cc1cc(-n2ncc(=O)[nH]c2=O)ccc1Cc1ccccc1,decoy
CHEMBL6237,O=C(c1ccccc1)c1cccc(-n2ncc(=O)[nH]c2=O)c1,decoy
CHEMBL6240,O=C(c1ccccc1)c1ccc(-n2ncc(=O)[nH]c2=O)cc1Cl,decoy
CHEMBL6272,O=C(c1ccc(Cl)cc1)c1ccc(-n2ncc(=O)[nH]c2=O)cc1,decoy
CHEMBL6346,O=C(C1CCCCN1)N1CCN(Cc2cccnc2)CC1,decoy
CHEMBL266220,O=C(C1CCCCN1)N1CCN(Cc2ccncc2)CC1,decoy
CHEMBL6233,O=C(C1CCCCN1)N1CCN(Cc2ccccn2)CC1,decoy
CHEMBL8,O=C(O)c1cn(C2CC2)c2cc(N3CCNCC3)c(F)cc2c1=O,decoy
CHEMBL265667,Cc1cc(-n2ncc(=O)[nH]c2=O)cc(C)c1C(O)c1ccc(Cl)cc1,decoy
CHEMBL6214,CSc1ccc(C(=O)c2ccc(-n3ncc(=O)[nH]c3=O)cc2Cl)cc1,decoy
CHEMBL6222,O=C(c1ccc(Cl)cc1)c1ccc(-n2ncc(=O)[nH]c2=O)cc1Cl,decoy
CHEMBL6230,O=c1cnn(-c2ccc(C(O)c3ccc(Cl)cc3)c(Cl)c2)c(=O)[nH]1,decoy
CHEMBL6344,Cc1cc(-n2ncc(=O)[nH]c2=O)ccc1C(=O)c1ccc(Cl)cc1Cl,decoy
CHEMBL6236,Cc1cc(-n2ncc(=O)[nH]c2=O)cc(Cl)c1C(=O)c1ccc(Cl)cc1,decoy
CHEMBL6238,Cc1cc(-n2ncc(=O)[nH]c2=O)cc(C)c1C(=O)c1ccc(Cl)cc1,decoy
CHEMBL266484,Cc1cc(Cl)ccc1C(=O)c1ccc(-n2ncc(=O)[nH]c2=O)cc1C,decoy
CHEMBL413593,C[C@]12CCC3C(CC=C4C[C@@H](O)[C@H]5COC[C@]43C5)C1CC[C@@H]2OC1CC1,decoy
CHEMBL6312,C=Cn1cc(C(=O)O)c(=O)c2cc(F)c(N3CCC(CNCC)C3)c(F)c21,decoy
CHEMBL6,COc1ccc2c(c1)c(CC(=O)O)c(C)n2C(=O)c1ccc(Cl)cc1,decoy
CHEMBL6253,C[C@]12CC[C@H](O)CC1=CCC1C2CC[C@@]2(C)C1CC[C@@H]2OC1CC1,decoy
CHEMBL6209,CCNCC1CCN(c2c(F)cc3c(=O)c(C(=O)O)cn(CC)c3c2F)C1,decoy
CHEMBL10,C[S+]([O-])c1ccc(-c2nc(-c3ccc(F)cc3)c(-c3ccncc3)[nH]2)cc1,decoy
CHEMBL269339,O=C(O)c1ccc(-c2nc(-c3ccc(F)cc3)c(-c3ccccn3)[nH]2)cc1,decoy
CHEMBL112998,COc1cc2nc(N3CCN(S(=O)(=O)c4cccs4)CC3)nc(N)c2cc1OC,decoy
CHEMBL6314,COc1cc2nc(N3CCN(C(=O)/C=C/c4ccc(N=C=S)cc4)CC3)nc(N)c2cc1OC,decoy
CHEMBL6829,C#CCN(Cc1ccc2nc(C)nc(O)c2c1)c1ccc(C(=O)NCc2ccccc2)cc1,decoy
CHEMBL267702,C#CCN(Cc1ccc2nc(C)nc(O)c2c1)c1ccc(C(=O)NCc2nccs2)cc1,decoy
CHEMBL269342,C#CCN(Cc1ccc2nc(C)nc(O)c2c1)c1ccc(C(=O)NCc2cscn2)cc1,decoy
CHEMBL6317,C#CCN(Cc1ccc2nc(C)nc(O)c2c1)c1ccc(C(=O)NCc2ccsc2)cc1,decoy
CHEMBL6800,COc1nc(Br)cnc1NS(=O)(=O)c1cccc2c(N(C)C)cccc12,decoy
CHEMBL415288,COc1cc2nc(N3CCC(C(=O)N(C)Cc4ccccc4)CC3)nc(N)c2cc1OC,decoy
CHEMBL6543,CCc1nc(Br)cnc1NS(=O)(=O)c1cccc2c(N(C)C)cccc12,decoy
CHEMBL263079,CCNc1cccc2c(S(=O)(=O)Nc3ncc(Br)nc3OC)cccc12,decoy
CHEMBL451551,CC12CCC(OC=O)CC1CCC1C2CCC2(C)[C@@H](C3=CC(=O)OC3)C(OC=O)CC12O,decoy
CHEMBL6496,C#CCN(Cc1ccc2nc(C)nc(O)c2c1)c1ccc(C(=O)NCc2cncs2)cc1,decoy
CHEMBL6424,COc1cc2nc(N3CCC(C(=O)NCCc4ccccc4)CC3)nc(N)c2cc1OC,decoy
CHEMBL269572,Cc1c(C)c2c(c(C)c1O)C(COc1ccc(CC3SC(=O)NC3=O)cc1)C(C)(C)O2,decoy
CHEMBL408,Cc1c(C)c2c(c(C)c1O)CCC(C)(COc1ccc(CC3SC(=O)NC3=O)cc1)O2,decoy
CHEMBL11864,COC(=O)Nc1nc2cc(NC(=O)c3ccc(C(=O)Nc4ccc5[nH]c(NC(=O)OC)nc5c4)cc3)ccc2[nH]1,decoy
CHEMBL6302,COc1cc2nc(N3CCN(/C(S)=N/c4ccc(NC(=S)N5CC5)cc4)CC3)nc(N)c2cc1OC,decoy
CHEMBL6343,COc1cc2nc(N3CCN(C(=O)/C=C/c4ccc(NC(=O)CBr)cc4)CC3)nc(N)c2cc1OC,decoy
CHEMBL441173,CC1OC(OC2CCC3(C)C(CCC4C3CCC3(C)[C@@H](C5=CC(=O)OC5)C(OC=O)CC43O)C2)CC(O)C1O,decoy
CHEMBL6639,C#CCN(Cc1ccc2nc(C)nc(O)c2c1)c1ccc(C(=O)N[C@@H](C(=O)O)c2cccc(O)c2)cc1,decoy
CHEMBL6402,CC1OC(OC2CCC3(C)C(CCC4C3CCC3(C)[C@@H](C5=CC(=O)OC5)C(O)CC43O)C2)CC(O)C1O,decoy
CHEMBL6432,Cc1c(C)c2c(c(C)c1O)CCC(C)(CN(C)CCOc1ccc(CC3SC(=O)NC3=O)cc1)O2,decoy
CHEMBL267427,Cc1c(C)c2c(c(C)c1O)C(CN(C)CCOc1ccc(CC3SC(=O)NC3=O)cc1)C(C)(C)O2,decoy
CHEMBL265669,C#CCN(Cc1ccc2nc(C)nc(O)c2c1)c1ccc(C(=O)N[C@@H](C(=O)O)c2ccc(F)cc2)cc1,decoy
CHEMBL6851,C=C1[C@@H](OC(=O)/C=C/c2ccccc2)CC[C@@]2(C)[C@@H](O)[C@H](O)C3=C(C)C(=O)C[C@@H]([C@@H](OC(C)=O)[C@H]12)C3(C)C,decoy
CHEMBL266576,CNc1ncc(C#CC[C@H](NS(=O)(=O)c2ccc3ccccc3c2)C(=O)N(C)C2CCCC2)cn1,decoy
CHEMBL7964,CNc1ccc(C#CC[C@H](NS(=O)(=O)c2ccc3ccccc3c2)C(=O)N(C)C2CCCC2)cn1,decoy
CHEMBL7124,CNc1ccc(C#CC[C@H](NS(=O)(=O)c2ccc3ccccc3c2)C(=O)N(C)C2CCCC2)cc1N,decoy
CHEMBL7450,CN(C(=O)[C@H](CC#Cc1ccc(NN)cc1)NS(=O)(=O)c1ccc2ccccc2c1)C1CCCC1,decoy
CHEMBL266551,CN(C(=O)[C@H](CC#Cc1ccc(N)c(N)c1)NS(=O)(=O)c1ccc2ccccc2c1)C1CCCC1,decoy
CHEMBL7758,CNc1ccc(C#CC[C@H](NS(=O)(=O)c2ccc3cc(OC)ccc3c2)C(=O)N(C)C2CCCC2)cc1,decoy
CHEMBL6293,O=c1cnn(-c2ccc(-c3ccc4oc5ccc(Cl)cc5c(=O)c4c3)cc2)c(=O)[nH]1,decoy
CHEMBL6282,CCNCC1CCN(c2c(F)cc3c(=O)c(C(=O)O)cn(C4CC4C)c3c2F)C1,decoy
CHEMBL6265,CCNCC1CCN(c2c(F)cc3c(=O)c(C(=O)O)cn(C4CCCC4)c3c2F)C1,decoy
CHEMBL441172,Cn1cc(C2=C(c3cn(CCCCO)c4ccccc34)C(=O)NC2=O)c2ccccc21,decoy
CHEMBL429244,CNCCCn1cc(C2=C(c3cn(C)c4ccccc34)C(=O)NC2=O)c2ccccc21,decoy
CHEMBL266483,Cn1cc(C2=C(c3cn(CCCCN)c4ccccc34)C(=O)NC2=O)c2ccccc21,decoy
CHEMBL6225,CCNCC1CCN(c2c(F)cc3c(=O)c(C(=O)O)cn(CC4CC4)c3c2F)C1,decoy
CHEMBL6262,CCNCC1CCN(c2c(F)cc3c(=O)c(C(=O)O)cn(C4CCC4)c3c2F)C1,decoy
CHEMBL6276,CCNCC1CCN(c2c(F)cc3c(=O)c(C(=O)O)cn(C4(C)CC4)c3c2F)C1,decoy
CHEMBL6558,CC(=O)OC1CCC2(C)C(CCC3C2CCC2(C)[C@H](C4=CC(=O)OC4)C(=O)CC32O)C1,decoy
CHEMBL6647,CN(C)c1cccc2c(S(=O)(=O)Nc3ncc(Br)nc3O)cccc12,decoy
CHEMBL6383,CC12CCC(OC=O)CC1CCC1C2CCC2(C)[C@@H](C3=CC(=O)OC3)C(O)CC12O,decoy
CHEMBL6296,CN(C)c1cccc2c(S(=O)(=O)Nc3ncc(Br)nc3C#N)cccc12,decoy
CHEMBL6297,CN(C)c1cccc2c(S(=O)(=O)Nc3ccc(Br)nn3)cccc12,decoy
CHEMBL6555,CNc1cccc2c(S(=O)(=O)Nc3ncc(Br)nc3OC)cccc12,decoy
CHEMBL409059,CC[C@H]1OC(=O)CC(O)[C@H](C)[C@@H](O[C@@H]2O[C@H](C)C[C@H](N(C)C)[C@H]2O)[C@@H](CCN(C)CC)C[C@@H](C)C(=O)/C=C/C(C)=C/[C@@H]1C,decoy
CHEMBL9248,CC[C@H]1OC(=O)CC(O)[C@H](C)[C@@H](O[C@@H]2O[C@H](C)C[C@H](N(C)C)[C@H]2O)[C@@H](CCN2CCCC2)C[C@@H](C)C(=O)/C=C/C(C)=C/[C@@H]1C,decoy
CHEMBL266373,CC[C@H]1OC(=O)CC(O)[C@H](C)[C@@H](O[C@@H]2O[C@H](C)C[C@H](N(C)C)[C@H]2O)[C@@H](CCN(CC)CC)C[C@@H](C)C(=O)/C=C/C(C)=C/[C@@H]1C,decoy
CHEMBL9176,CC[C@H]1OC(=O)CC(O)[C@H](C)[C@@H](O[C@@H]2O[C@H](C)C[C@H](N(C)C)[C@H]2O)[C@@H](CCNC(C)(C)C)C[C@@H](C)C(=O)/C=C/C(C)=C/[C@@H]1C,decoy
CHEMBL266103,CC[C@H]1OC(=O)CC(O)[C@H](C)[C@@H](O[C@@H]2O[C@H](C)C[C@H](N(C)C)[C@H]2O)[C@@H](CCN2CCC2)C[C@@H](C)C(=O)/C=C/C(C)=C/[C@@H]1C,decoy
CHEMBL266142,CC[C@H]1OC(=O)CC(O)[C@H](C)[C@@H](O[C@@H]2O[C@H](C)C[C@H](N(C)C)[C@H]2O)[C@@H](CCN2CCCCC2)C[C@@H](C)C(=O)/C=C/C(C)=C/[C@@H]1C,decoy
CHEMBL266595,CC[C@H]1OC(=O)CC(O)[C@H](C)[C@@H](O[C@@H]2O[C@H](C)C[C@H](N(C)C)[C@H]2O)[C@@H](CCN2CCCCCC2)C[C@@H](C)C(=O)/C=C/C(C)=C/[C@@H]1C,decoy
CHEMBL276647,O=P(O)(O)C(F)(F)c1ccc(CC(Cc2ccc(C(F)(F)P(=O)(O)O)cc2)(c2ccccc2)n2nnc3ccccc32)cc1,decoy
CHEMBL9527,Cl.O=C(C1CCCN1)N1CCCC1P(=O)(Oc1ccc(NN2CCCC2)cc1)Oc1ccc(NN2CCCC2)cc1,decoy
CHEMBL269437,COC(=O)c1cc(NC(=O)c2cc(NC(=O)Cn3cc(C4=C(c5c[nH]c6ccccc56)C(=O)NC4=O)c4ccccc43)cn2C)cn1C,decoy
CHEMBL11025,O=C1c2cccc3c2c(cc2occc23)C(=O)N1CCNCCCNCCN1C(=O)c2cccc3c2c(cc2occc23)C1=O,decoy
CHEMBL10735,Cc1cc(C)c(S(=O)(=O)N[C@@H](Cc2ccc(-c3cccc(NC(=O)NCC(F)(F)C(F)(F)F)c3)cc2)C(=O)O)c(C)c1,decoy
CHEMBL11070,CC(C)C(NC(=O)Cn1c(-c2cc(C(F)(F)F)cc(C(F)(F)F)c2)ncc(NC(=O)OCc2ccccc2)c1=O)C(=O)C(F)(F)F,decoy
CHEMBL442524,Cc1cncc(C)c1COC(=O)Nc1cnc(-c2ccc(F)cc2)n(CC(=O)NC(B2OC(C)(C)C(C)(C)O2)C(C)C)c1=O,decoy
CHEMBL274780,CC(C)C(NC(=O)Cn1c(-c2ccc(NC(=O)C(F)(F)F)cc2)ncc(NC(=O)OCc2ccccc2)c1=O)C(=O)C(F)(F)F,decoy
CHEMBL6289,CCNCC1CCN(c2c(F)cc3c(=O)c(C(=O)O)cn(OC)c3c2F)C1,decoy
CHEMBL6259,CN1CCN(c2cc3c(cc2F)c(=O)c(C(=O)O)cn3-c2ccc(F)cc2)CC1,decoy
CHEMBL6273,CN1CCN(c2c(F)cc3c(=O)c(C(=O)O)cn(CCF)c3c2F)CC1,decoy
CHEMBL6287,CCNCC1CCN(c2c(F)cc3c(=O)c(C(=O)O)cn(C)c3c2F)C1,decoy
CHEMBL6292,CC1(C)[C@H](C(=O)O)N2C(=O)[C@@H](Cc3cn(-c4ccc(F)cc4)nn3)[C@H]2S1(=O)=O,decoy
CHEMBL6210,CCNCC1CCN(c2c(F)cc3c(=O)c(C(=O)O)cn(C4CC4)c3c2F)C1,decoy
CHEMBL6220,CC1(C)[C@H](C(=O)O)N2C(=O)[C@@H](Cc3cn(-c4ccccc4)nn3)[C@H]2S1(=O)=O,decoy
CHEMBL268292,Cn1cc(C2=C(c3cn(CCO)c4ccccc34)C(=O)NC2=O)c2ccccc21,decoy
CHEMBL268529,Cn1cc(C2=C(c3cn(CCN)c4ccccc34)C(=O)NC2=O)c2ccccc21,decoy
CHEMBL6831,CCN(CC)C(=O)C1CCCN(c2nc(N)c3cc(OC)c(OC)cc3n2)C1,decoy
CHEMBL268340,CC12CCC(O)CC1CCC1C2CCC2(C)[C@@H](C3=CC(=O)OC3)C(OC=O)CC12O,decoy
CHEMBL267705,CCN(CC)C(=O)C1CCN(c2nc(N)c3cc(OC)c(OC)cc3n2)CC1,decoy
CHEMBL6447,COc1cc2nc(N3CCC(C(=O)NCC4CC4)CC3)nc(N)c2cc1OC,decoy
CHEMBL6598,COc1cc2nc(N3CCC(C(=O)NC4CCCC4)CC3)nc(N)c2cc1OC,decoy
CHEMBL406,CC1Cc2ccccc2N1NC(=O)c1ccc(Cl)c(S(N)(=O)=O)c1,decoy
CHEMBL267386,Cn1cc(C2=C(c3cn(CCCN=C(N)N)c4ccccc34)C(=O)NC2=O)c2ccccc21,decoy
CHEMBL267126,Cn1cc(C2=C(c3cn(CCSC(=N)N)c4ccccc34)C(=O)NC2=O)c2ccccc21,decoy
CHEMBL266574,Cc1oc(-c2ccc(C(F)(F)F)cc2)nc1COc1cccc(C#CC(C)n2oc(=O)[nH]c2=O)c1,decoy
CHEMBL267268,COc1ccc(-c2ccc(N3CC(CNC(C)=O)OC3=O)cc2C(F)(F)F)ccc1=O,decoy
CHEMBL268878,CC(C)Nc1cccnc1N1CCN(C(=O)c2cc3ccccc3[nH]2)CC1.CS(=O)(=O)O,decoy
CHEMBL266211,CCNc1cccnc1N1CCN(C(=O)c2cc3cc(F)ccc3[nH]2)CC1.CS(=O)(=O)O,decoy
CHEMBL268208,Cc1c(N2C[C@H](F)[C@@H](C3(N)CC3)C2)c(F)c(N)c2c(=O)c(C(=O)O)cn([C@@H]3C[C@@H]3F)c12,decoy
CHEMBL6879,CN(C(=O)[C@H](CC#Cc1cccnc1)NS(=O)(=O)c1ccc2ccccc2c1)C1CCCC1,decoy
CHEMBL7198,CN(C(=O)[C@H](CC#Cc1ccc(N)nc1)NS(=O)(=O)c1ccc2ccccc2c1)C1CCCC1,decoy
CHEMBL6996,COc1ccc2[nH]c(C(=O)N3CCN(c4ncccc4NC(C)C)CC3)cc2c1.CS(=O)(=O)O,decoy
CHEMBL266674,CC(C)Nc1cccnc1N1CCN(C(=O)c2cc3cc(F)ccc3[nH]2)CC1.CS(=O)(=O)O,decoy
CHEMBL7264,CCNc1cccnc1N1CCN(C(=O)c2cc3cc(OC)ccc3[nH]2)CC1.CS(=O)(=O)O,decoy
CHEMBL7265,Cc1c(N2C[C@@H](F)[C@@H](C3(N)CC3)C2)c(F)c(N)c2c(=O)c(C(=O)O)cn([C@@H]3C[C@@H]3F)c12,decoy
CHEMBL268206,CN(C(=O)[C@H](CC#Cc1ccncc1)NS(=O)(=O)c1ccc2ccccc2c1)C1CCCC1,decoy
CHEMBL7201,CN(C(=O)[C@H](CC#Cc1c[nH]cn1)NS(=O)(=O)c1ccc2ccccc2c1)C1CCCC1,decoy
CHEMBL2,COc1cc2nc(N3CCN(C(=O)c4ccco4)CC3)nc(N)c2cc1OC,decoy
CHEMBL6306,COC(=O)/C=C/C=C/C(=O)N1CCN(c2nc(N)c3cc(OC)c(OC)cc3n2)CC1,decoy
CHEMBL6366,COc1cc2nc(N3CCN(C(=O)COc4ccccc4)CC3)nc(N)c2cc1OC,decoy
CHEMBL265664,CCNCC1CCN(c2c(F)cc3c(=O)c(C(=O)O)cn(C(C)C)c3c2F)C1,decoy
CHEMBL269264,Cn1cc(C2=C(c3cn(CCCN)c4ccccc34)C(=O)NC2=O)c2ccccc21,decoy
CHEMBL6256,CCNCC1CCN(c2c(F)cc3c(=O)c(C(=O)O)cn(NC)c3c2F)C1,decoy
CHEMBL415287,CCNCC1CCN(c2c(F)cc3c(=O)c(C(=O)O)cn(CCF)c3c2F)C1,decoy
CHEMBL428508,Cc1ccc(Sc2cncc3sc(C(=O)NCC(O)CO)cc23)cc1,decoy
CHEMBL6307,C#CCN(Cc1ccc2nc(C)nc(O)c2c1)c1ccc(C(=O)NCC)cc1,decoy
CHEMBL268174,COc1nc(C)cnc1NS(=O)(=O)c1cccc2c(N(C)C)cccc12,decoy
CHEMBL6560,C#CCN(Cc1ccc2nc(C)nc(O)c2c1)c1ccc(C(=O)NCC(=O)O)cc1,decoy
CHEMBL267164,COCCNC(=O)C1CCN(c2nc(N)c3cc(OC)c(OC)cc3n2)CC1,decoy
CHEMBL269537,COc1cc2nc(N3CCC(CC(=O)NCC4CC4)CC3)nc(N)c2cc1OC,decoy
CHEMBL266508,C#CCN(Cc1ccc2nc(C)nc(O)c2c1)c1ccc(C(=O)N[C@H](C)C(=O)O)cc1,decoy
CHEMBL6789,CCCCNC(=O)CC1CCN(c2nc(N)c3cc(OC)c(OC)cc3n2)CC1,decoy
CHEMBL6205,Cn1cc(C2=C(c3cn(CCCO)c4ccccc34)C(=O)NC2=O)c2ccccc21,decoy
CHEMBL6380,COc1cc2nc(N3CCC(C(=O)Nc4ccccc4)CC3)nc(N)c2cc1OC,decoy
CHEMBL266317,COc1cc2nc(N3CCC(C(=O)NCCOc4ccccc4)CC3)nc(N)c2cc1OC,decoy
CHEMBL267832,C#CCN(Cc1ccc2nc(C)nc(O)c2c1)c1ccc(C(=O)N[C@@H](C(=O)O)C(C)C)cc1,decoy
CHEMBL6474,COc1cc2nc(N3CCC(C(=O)NCc4ccccc4)CC3)nc(N)c2cc1OC,decoy
CHEMBL6630,CN(C)c1cccc2c(S(=O)(=O)Nc3ncc(Br)cn3)cccc12,decoy
CHEMBL415108,C/C=C(/C)C(=O)O[C@@]12C[C@@H](C)[C@]3(O)C4C=C(C)C(=O)[C@@]4(O)CC(CO)=C[C@H]3[C@@H]1C2(C)C,decoy
CHEMBL6610,COc1cc2nc(N3CCC(C(=O)N4CCOCC4)CC3)nc(N)c2cc1OC,decoy
CHEMBL268339,CN(C)c1cccc2c(S(=O)(=O)Nc3cnc(Br)cn3)cccc12,decoy
CHEMBL409,CC(O)(CS(=O)(=O)c1ccc(F)cc1)C(=O)Nc1ccc(C#N)c(C(F)(F)F)c1,decoy
CHEMBL6729,CC(=O)NCC1CN(c2ccc(-c3ccc(N4CCOCC4)c(=O)cc3)cc2)C(=O)O1,decoy
CHEMBL7019,CN(C)c1cccc2c(S(=O)(=O)Nc3cnc(Br)nc3)cccc12,decoy
CHEMBL7083,C/C(=C\Cn1oc(=O)[nH]c1=O)c1cccc(OCc2noc(-c3ccccc3)n2)c1,decoy
CHEMBL6666,CN(C)C(=O)c1cccc(COc2ccc(N3C(N)=NC(N)=NC3(C)C)cc2Cl)c1,decoy
CHEMBL428491,CCOC(=O)CCC(NC(=O)c1ccc2nc(N)nc(O)c2c1C)C(=O)OCC,decoy
CHEMBL6329,Cc1cc(-n2ncc(=O)[nH]c2=O)ccc1C(=O)c1ccccc1Cl,decoy
CHEMBL267864,Cc1cc(-n2ncc(=O)[nH]c2=O)ccc1C(=O)c1ccc(Cl)cc1,decoy
CHEMBL6243,Cc1cc(C)c(C(=O)c2ccc(-n3ncc(=O)[nH]c3=O)cc2)c(C)c1,decoy
CHEMBL269496,Cc1cc(-n2ncc(=O)[nH]c2=O)ccc1C(O)c1ccc(Cl)cc1,decoy
CHEMBL4,CC1COc2c(N3CCN(C)CC3)c(F)cc3c(=O)c(C(=O)O)cn1c23,decoy
CHEMBL6231,CNn1cc(C(=O)O)c(=O)c2cc(F)c(N3CCN(C)CC3)cc21,decoy
CHEMBL266460,Cc1ccc(Sc2cncc3sc(C(=O)N=C(N)N)cc23)cc1,decoy
CHEMBL6761,CN(C)c1cccc2c(S(=O)(=O)Nc3ccc(Cl)nn3)cccc12,decoy
CHEMBL268387,Cc1ccc(NS(=O)(=O)c2cccc3c(N(C)C)cccc23)nn1,decoy
CHEMBL6412,COc1nc(Cl)cnc1NS(=O)(=O)c1cccc2c(N(C)C)cccc12,decoy
CHEMBL6570,Nc1nc(N)c2nc(Sc3cccc(C(F)(F)F)c3)cnc2n1,decoy
CHEMBL268627,CCNC(=O)C1CCN(c2nc(N)c3cc(OC)c(OC)cc3n2)CC1,decoy
CHEMBL6527,CC(C)(C)/N=C(/NC#N)NC1c2cc(C#N)ccc2OC(C)(C)[C@H]1O,decoy
CHEMBL6433,CN(C)c1cccc2c(S(=O)(=O)Nc3ncc(Cl)cn3)cccc12,decoy
CHEMBL6544,Nc1nc(N)c2nc(Sc3ccc(Cl)c(Cl)c3)cnc2n1,decoy
CHEMBL267939,COc1ccc(S(=O)(=O)N2CCN(C(=O)OCc3ccccc3)CC[C@@H]2C(=O)NO)cc1,decoy
CHEMBL415482,COc1ccc(S(=O)(=O)N2CCN(Cc3ccccc3)C(=O)C[C@@H]2C(=O)NO)cc1,decoy
CHEMBL428,N[C@@H]1[C@H]2CN(c3nc4c(cc3F)c(=O)c(C(=O)O)cn4-c3ccc(F)cc3F)C[C@@H]12,decoy
CHEMBL7390,COc1ccc(S(=O)(=O)N2CN(Cc3ccccc3)C(=O)C[C@@H]2C(=O)NO)cc1,decoy
CHEMBL6894,Cc1c(N2CC[C@@H](C3(N)CC3)C2)c(F)c(N)c2c(=O)c(C(=O)O)cn([C@@H]3C[C@@H]3F)c12,decoy
CHEMBL6994,Cc1c(N2C[C@H](C3(N)CC3)C(F)(F)C2)c(F)c(N)c2c(=O)c(C(=O)O)cn([C@@H]3C[C@@H]3F)c12,decoy
CHEMBL267056,CCCCc1nc2c(=O)[nH][nH]c(=O)c2n1Cc1ccc(-c2ccccc2-c2nn[nH]n2)cc1,decoy
CHEMBL7621,CN(C(=O)[C@H](CC#Cc1cnc(N)nc1)NS(=O)(=O)c1ccc2ccccc2c1)C1CCCC1,decoy
CHEMBL7329,O=C1NC(=O)C(c2cn(CCOCCO)c3ccccc23)=C1c1c[nH]c2ccccc12,decoy
CHEMBL8046,O=C1[C@@H](NS(=O)(=O)c2cc3nc(Cl)ccc3s2)CCN1Cc1cc2[nH]cccc-2n1,decoy
CHEMBL8557,O=C1[C@@H](NS(=O)(=O)c2nc3cc(Cl)ccc3[nH]2)CCN1Cc1cc2cc[nH]cc-2n1,decoy
CHEMBL266068,O=C1[C@@H](NS(=O)(=O)c2cc3ncccc3s2)CCN1Cc1cc2c[nH]ccc-2n1,decoy
CHEMBL8242,O=C1[C@@H](NS(=O)(=O)c2cc3ccnc(Cl)c3s2)CCN1Cc1cc2c[nH]ccc-2n1,decoy
CHEMBL8216,O=C1[C@@H](NS(=O)(=O)c2nc3cc(Cl)ccc3[nH]2)CCN1Cc1cc2c[nH]ccc-2n1,decoy
CHEMBL416515,O=C1[C@@H](NS(=O)(=O)c2ccc(-c3ccncc3)s2)CCN1Cc1cc2c[nH]ccc-2n1,decoy
CHEMBL266983,O=C1[C@@H](NS(=O)(=O)c2ccc(-c3ccncc3)s2)CCN1Cc1cc2cc[nH]cc-2n1,decoy
CHEMBL267168,CC(C)(C)c1ccc(S(=O)(=O)N[C@H]2CCN(Cc3cc4c[nH]ccc-4n3)C2=O)cc1,decoy
CHEMBL269604,O=C1[C@@H](NS(=O)(=O)c2ccc(-c3ccon3)s2)CCN1Cc1cc2c[nH]ccc-2n1,decoy
CHEMBL8363,CC(C)(C)c1ccc(S(=O)(=O)N[C@H]2CCN(Cc3cc4cc[nH]cc-4n3)C2=O)cc1,decoy
CHEMBL8308,O=C1[C@@H](NS(=O)(=O)c2cc3cccnc3s2)CCN1Cc1cc2c[nH]ccc-2n1,decoy
CHEMBL266690,O=C1[C@@H](NS(=O)(=O)c2ccc(-c3ccccn3)s2)CCN1Cc1cc2c[nH]ccc-2n1,decoy
CHEMBL266959,O=C1[C@@H](NS(=O)(=O)c2cc3cccnc3s2)CCN1Cc1cc2cc[nH]cc-2n1,decoy
CHEMBL266984,O=C1[C@@H](NS(=O)(=O)c2ccc(-c3ccon3)s2)CCN1Cc1cc2cc[nH]cc-2n1,decoy
CHEMBL269102,O=C1[C@@H](NS(=O)(=O)c2ccc(-c3ccccn3)s2)CCN1Cc1cc2cc[nH]cc-2n1,decoy
CHEMBL8378,CCN1C(C(=O)N[C@H](C=O)Cc2ccccc2)Cc2cc(Cl)ccc2S1(=O)=O,decoy
CHEMBL268835,O=C1[C@@H](NS(=O)(=O)c2cc3nc(Cl)ccc3s2)CCN1Cc1cc2c[nH]ccc-2n1,decoy
CHEMBL416326,O=C1[C@@H](NS(=O)(=O)c2nc3cc(Cl)ccc3[nH]2)CCN1CCNc1ccncc1,decoy
CHEMBL266098,O=C1[C@@H](NS(=O)(=O)c2ccc(-c3ccccn3)s2)CCN1Cc1cc2[nH]cccc-2n1,decoy
CHEMBL416513,O=C1[C@@H](NS(=O)(=O)c2nc3cc(Cl)ccc3[nH]2)CCN1Cc1cc2[nH]cccc-2n1,decoy
CHEMBL8433,O=C1[C@@H](NS(=O)(=O)c2ccc(-c3ccncc3)s2)CCN1Cc1cc2[nH]cccc-2n1,decoy
CHEMBL6584,CN(C)/C=N\c1nc(/N=C/N(C)C)nc2ncc(Sc3ccc(Cl)c(Cl)c3)nc12,decoy
CHEMBL265622,C/C(=C\Cn1sc(=O)[nH]c1=O)c1cccc(OCc2nc(-c3ccc(C(F)(F)F)cc3)oc2C)c1,decoy
CHEMBL7029,C/C(=C\Cn1oc(=O)[nH]c1=O)c1cccc(OCc2nc(-c3ccc(C(F)(F)F)cc3)oc2C)c1,decoy
CHEMBL414184,Cc1oc(-c2ccc(C(F)(F)F)cc2)nc1COc1cccc(/C=C/Cn2oc(=O)[nH]c2=O)c1,decoy
CHEMBL267637,C/C(=C\C(C)n1oc(=O)[nH]c1=O)c1cccc(OCc2nc(-c3ccc(C(F)(F)F)cc3)oc2C)c1,decoy
CHEMBL6947,C/C(Cn1oc(=O)[nH]c1=O)=C(/C)c1cccc(OCc2nc(-c3ccc(C(F)(F)F)cc3)oc2C)c1,decoy
CHEMBL6673,C/C(Cn1oc(=O)[nH]c1=O)=C(\C)c1cccc(OCc2nc(-c3ccc(C(F)(F)F)cc3)oc2C)c1,decoy
CHEMBL266874,Cc1oc(-c2ccc(C(F)(F)F)cc2)nc1COc1cccc(/C=C/C(C)n2oc(=O)[nH]c2=O)c1,decoy
CHEMBL6914,C/C(=C\c1cccc(OCc2nc(-c3ccc(C(F)(F)F)cc3)oc2C)c1)Cn1oc(=O)[nH]c1=O,decoy
CHEMBL7051,CC/C(=C\c1cccc(OCc2nc(-c3ccc(C(F)(F)F)cc3)oc2C)c1)n1oc(=O)[nH]c1=O,decoy
CHEMBL7084,C/C(=C\Cn1oc(=O)[nH]c1=O)c1cccc(COc2cc(C(F)(F)F)cc(C(F)(F)F)c2)c1,decoy
CHEMBL6932,Cc1oc(-c2ccc(C(F)(F)F)cc2)nc1COc1cccc(C2(C)CC2Cn2oc(=O)[nH]c2=O)c1,decoy
CHEMBL268785,C/C(=C\CN1CC(=O)NC1=O)c1cccc(OCc2nc(-c3ccc(C(F)(F)F)cc3)oc2C)c1,decoy
CHEMBL7343,C/C(=C\Cn1oc(=O)[nH]c1=O)c1ccccc1OCc1nc(-c2ccc(C(F)(F)F)cc2)oc1C,decoy
CHEMBL6748,C/C(=C\Cn1oc(=O)[nH]c1=O)c1cccc(OCc2coc(-c3ccc(C(F)(F)F)cc3)n2)c1,decoy
CHEMBL6244,COc1cc(C(=O)N2CCN(C(=O)c3cc(OC)c(OC)c(OC)c3)CC2)cc(OC)c1OC,decoy
CHEMBL6325,C#CCN(Cc1ccc2nc(C)nc(O)c2c1)c1ccc(C(=O)NCc2cccc([N+](=O)[O-])c2)cc1,decoy
CHEMBL268149,COC(=O)OC1CCC2(C)C(CCC3C2CCC2(C)[C@@H](C4=CC(=O)OC4)C(OC(=O)OC)CC32O)C1,decoy
CHEMBL268453,C#CCN(Cc1cc2c(O)nc(C)nc2cc1C)c1ccc(C(=O)NCc2cccc([N+](=O)[O-])c2)c(F)c1,decoy
CHEMBL6775,C#CCN(Cc1ccc2nc(C)nc(O)c2c1)c1ccc(C(=O)NCc2ccc([N+](=O)[O-])cc2)cc1,decoy
CHEMBL6571,CCN(CCOc1ccc(/C=C2\SC(=O)NC2=O)cc1)CC1(C)CCc2c(C)c(O)c(C)c(C)c2O1,decoy
CHEMBL266065,C#CCN(Cc1ccc2nc(C)nc(O)c2c1)c1ccc(C(=O)NCc2ccccc2[N+](=O)[O-])cc1,decoy
CHEMBL6637,C/C(=C\Cn1oc(=O)[nH]c1=O)c1ccc(OCCc2nc(-c3ccc(C(F)(F)F)cc3)oc2C)cc1,decoy
CHEMBL415478,Cc1oc(-c2ccc(C(F)(F)F)cc2)nc1COc1cccc(CCCn2oc(=O)[nH]c2=O)c1,decoy
CHEMBL6925,Cc1oc(-c2ccc(C(F)(F)F)cc2)nc1COc1ccc2oc(Cn3oc(=O)[nH]c3=O)cc2c1,decoy
CHEMBL6952,COc1cc(OCc2nc(-c3ccc(C(F)(F)F)cc3)oc2C)cc(/C(C)=C/Cn2oc(=O)[nH]c2=O)c1,decoy
CHEMBL7251,C/C(=C\Cn1oc(=O)[nH]c1=O)c1cccc(OCc2cc(C(F)(F)F)cc(C(F)(F)F)c2)c1,decoy
CHEMBL414014,C/C(=C\Cn1oc(=O)[nH]c1=O)c1cccc(OCC#Cc2cc(C(F)(F)F)cc(C(F)(F)F)c2)c1,decoy
CHEMBL6819,Cc1oc(-c2ccc(C(F)(F)F)cc2)nc1COc1cccc(C2CC2Cn2oc(=O)[nH]c2=O)c1,decoy
CHEMBL7060,COc1ccc2c(c1OC(C)=O)-c1cc(O)cc3c1C(C2)N(C(=O)CN(CCCl)CCCl)CC3,decoy
CHEMBL267457,CCCCNC(=O)CCC1CCN(c2nc(N)c3cc(OC)c(OC)cc3n2)CC1,decoy
CHEMBL6788,C#CCN(Cc1ccc2nc(C)nc(O)c2c1)c1ccc(C(=O)N[C@H](CCC)C(=O)O)cc1,decoy
CHEMBL6481,CCCCNC(=O)COC1CCN(c2nc(N)c3cc(OC)c(OC)cc3n2)CC1,decoy
CHEMBL6519,C=CCNc1ccc(-c2ccc(N3CC(CNC(C)=O)OC3=O)cc2)ccc1=O,decoy
CHEMBL6521,NC(=O)c1cc(-c2ccc(NS(=O)(=O)c3ccccc3)cc2)nnc1Cl,decoy
CHEMBL6792,C#CCNc1cccc(-c2ccc(N3CC(CNC(C)=O)OC3=O)cc2)cc1=O,decoy
CHEMBL440267,C=CCNc1cccc(-c2ccc(N3CC(CNC(C)=O)OC3=O)cc2)cc1=O,decoy
CHEMBL6849,NS(=O)(=O)c1cc(C(=O)NN2Cc3ccccc3C2C(=O)O)ccc1Cl,decoy
CHEMBL7136,CC(=O)Nc1nc(O)c2cc(S(=O)(=O)c3ccc4ccccc4c3)ccc2n1,decoy
CHEMBL7481,Nc1nc(N)c2c(Cl)c(NC(=O)Cc3cccc(Br)c3)ccc2n1,decoy
CHEMBL6841,Nc1nc(N)c2c(Cl)c(NC(=O)Cc3ccc(Br)cc3)ccc2n1,decoy
CHEMBL267178,COc1ccc(S(=O)(=O)N(Cc2cccnc2)[C@@H](C(=O)NO)C(C)C)cc1,decoy
CHEMBL269019,COc1ccc(S(=O)(=O)N2CN(C3CCCCC3)C(=O)C[C@@H]2C(=O)NO)cc1,decoy
CHEMBL266348,Cc1c(N2CC[C@@H](CN)C2)c(F)c(N)c2c(=O)c(C(=O)O)cn([C@@H]3C[C@@H]3F)c12,decoy
CHEMBL7389,O=C(c1cc2ccccc2[nH]1)N1CCN(c2ncccc2NCC(F)(F)F)CC1,decoy
CHEMBL6354,Nc1cc[n+](Cc2cccc(-c3cccc(C[n+]4ccc(N)c5ccccc54)c3)c2)c2ccccc12,decoy
CHEMBL6356,Nc1cc[n+](Cc2ccc3c(c2)Cc2cc(C[n+]4ccc(N)c5ccccc54)ccc2-3)c2ccccc12,decoy
CHEMBL269729,Nc1cc[n+](Cc2ccc(-c3ccc(C[n+]4ccc(N)c5ccccc54)cc3)cc2)c2ccccc12,decoy
CHEMBL6315,Nc1cc[n+](Cc2ccc(Cc3ccc(C[n+]4ccc(N)c5ccccc54)cc3)cc2)c2ccccc12,decoy
CHEMBL267241,Cc1oc(-c2ccc(C(F)(F)F)cc2)nc1COc1ccc2c(c1)C=C/C2=C\Cn1oc(=O)[nH]c1=O,decoy
CHEMBL7285,C/C(=C\Cn1oc(=O)[nH]c1=O)c1ccc2oc(Cc3nc(-c4ccc(C(F)(F)F)cc4)oc3C)cc2c1,decoy
CHEMBL269020,CN(C(=O)[C@H](CC#Cc1cnc(N)s1)NS(=O)(=O)c1ccc2ccccc2c1)C1CCCC1,decoy
CHEMBL7221,CN(C(=O)[C@H](CC#Cc1cccc(N)c1)NS(=O)(=O)c1ccc2ccccc2c1)C1CCCC1,decoy
CHEMBL7791,O=C1c2ccc(OCc3ccccc3)cc2CCC1CC(=O)N1CCC(c2ccccc2)CC1,decoy
CHEMBL8122,CN(C(=O)[C@H](CC#Cc1ccc(N)cc1)NS(=O)(=O)c1ccc2ccccc2c1)C1CCCC1,decoy
CHEMBL7281,CC(C)(C)OC(=O)Nc1ccc2c(c1)cc1c(=O)n3c(cc4cc(NC(=O)OC(C)(C)C)ccc43)c(=O)n12,decoy
CHEMBL7392,Cc1cc(-c2c(F)cc3c(=O)c(Cc4ccccc4C(=O)O)cn(C4CC4)c3c2F)cc(C)n1,decoy
CHEMBL7562,Cc1cc(-c2c(F)cc3c(=O)c(Cc4ccccc4NS(C)(=O)=O)cn(C4CC4)c3c2F)cc(C)n1,decoy
CHEMBL7546,CCCCN(C(C)=O)[S+]([O-])(=NC(=O)N(C(C)=O)c1ccc(Cl)cc1)c1ccc(C)cc1,decoy
CHEMBL7858,CC1(C)CC[C@]2(C(N)=O)CC[C@]3(C)C(C(=O)C=C4[C@@]5(C)C=C(C#N)C(=O)C(C)(C)[C@@H]5CC[C@]43C)C2C1,decoy
CHEMBL6250,O=C(O)c1ccc(-c2nc(-c3ccc4c(c3)OCO4)c(-c3ccccn3)[nH]2)cc1,decoy
CHEMBL440084,NC(=O)c1ccc(-c2nc(-c3ccccn3)c(-c3ccc4c(c3)OCO4)[nH]2)cc1,decoy
CHEMBL267228,OCc1ccc(-c2nc(-c3ccccn3)c(-c3ccc4c(c3)OCO4)[nH]2)cc1,decoy
CHEMBL6762,Cc1ccc(Sc2cncc3sc(C(=O)NCCCN4CCOCC4)cc23)cc1,decoy
CHEMBL6576,COc1nc(Br)cnc1NS(=O)(=O)c1cccc2ccccc12,decoy
CHEMBL6566,Cc1nc(NS(=O)(=O)c2cccc3c(N(C)C)cccc23)ccc1Br,decoy
CHEMBL6411,CN(C)c1cccc2c(S(=O)(=O)Nc3ccc(Br)cn3)cccc12,decoy
CHEMBL6382,Cc1nc(Br)cnc1NS(=O)(=O)c1cccc2c(N(C)C)cccc12,decoy
CHEMBL6556,CCCCNC(=O)C1CCN(c2nc(N)c3cc(OC)c(OC)cc3n2)CC1,decoy
CHEMBL266279,CCCCNC(=O)C1CCCN(c2nc(N)c3cc(OC)c(OC)cc3n2)C1,decoy
CHEMBL6590,C#CCN(Cc1ccc2nc(C)nc(O)c2c1)c1ccc(C(=O)NCc2ccoc2)cc1,decoy
CHEMBL264097,C#CCN(Cc1ccc2nc(C)nc(O)c2c1)c1ccc(C(=O)NCc2ccco2)cc1,decoy
CHEMBL269368,COc1cccc(-c2ccc(N3CC(CNC(C)=O)OC3=O)cc2)cc1=O,decoy
CHEMBL265410,C#CCN(Cc1ccc2nc(C)nc(O)c2c1)c1ccc(C(=O)NCCC)cc1,decoy
CHEMBL6476,COc1ccc(-c2ccc(N3CC(CNC(C)=O)OC3=O)cc2)ccc1=O,decoy
CHEMBL6252,O=C(O)c1ccc(-c2nc(-c3ccc(F)cc3)c(-c3ccncc3)[nH]2)cc1,decoy
CHEMBL6498,C#CCN(Cc1ccc2nc(C)nc(O)c2c1)c1ccc(C(=O)NC)cc1,decoy
CHEMBL415105,C#CCN(Cc1ccc2nc(C)nc(O)c2c1)c1ccc(C(=O)Nc2ccccc2)cc1,decoy
CHEMBL6378,CC1c2ccccc2CN1NC(=O)c1ccc(Cl)c(S(N)(=O)=O)c1,decoy
CHEMBL6839,C/N=c1\ccc(-c2ccc(N3CC(CNC(C)=O)OC3=O)cc2)ccc1O,decoy
CHEMBL269704,CC1(C)N=C(N)N=C(N)N1c1cccc(OCc2ccc(Cl)c(Cl)c2)c1,decoy
CHEMBL269357,Cc1c(NC(=O)CSc2ccc3ccccc3c2)ccc2nc(N)nc(N)c12,decoy
CHEMBL267617,Nc1nc(N)c2cc(CNC(=O)Cc3ccc(Cl)c(Cl)c3)ccc2n1,decoy
CHEMBL266761,Nc1nc(N)c2c(Cl)c(NC(=O)Cc3ccc(Cl)c(Cl)c3)ccc2n1,decoy
CHEMBL428658,Nc1nc(N)c2cc(S(=O)(=O)c3ccc(Cl)c(Cl)c3)ccc2n1,decoy
CHEMBL7102,Nc1nc(N)c2c(Cl)c(NC(=O)Cc3cccc(C(F)(F)F)c3)ccc2n1,decoy
CHEMBL6812,Cc1c(NC(=O)Cc2ccc(Cl)c(Cl)c2)ccc2nc(N)nc(N)c12,decoy
CHEMBL269235,Cc1c(NC(=O)Cc2cccc(Br)c2)ccc2nc(N)nc(N)c12,decoy
CHEMBL6552,Nc1nc(N)c2c(S(=O)(=O)c3ccc(Cl)c(Cl)c3)cccc2n1,decoy
CHEMBL7000,Nc1nc(O)c2cc(S(=O)(=O)c3ccc(Cl)c(Cl)c3)ccc2n1,decoy
CHEMBL415106,Cc1cc(Cl)nnc1NS(=O)(=O)c1cccc2c(N(C)C)cccc12,decoy
CHEMBL6553,CN(C)c1cccc2c(S(=O)(=O)Nc3cnc(Cl)cn3)cccc12,decoy
CHEMBL428159,COc1cc(-c2ccc(N3CC(CNC(C)=O)OC3=O)cc2)cccc1=O,decoy
CHEMBL6660,Cc1cc(NS(=O)(=O)c2cccc3c(N(C)C)cccc23)nnc1Cl,decoy
CHEMBL6766,CCCNC(=O)CC1CCN(c2nc(N)c3cc(OC)c(OC)cc3n2)CC1,decoy
CHEMBL6918,C=CCOc1ccc(-c2ccc(N3CC(CNC(C)=O)OC3=O)cc2)ccc1=O,decoy
CHEMBL6977,NS(=O)(=O)c1cc(C(=O)NN2Cc3ccccc3C2CO)ccc1Cl,decoy
CHEMBL269237,CCOc1ccc(NS(=O)(=O)c2cccc3c(N(C)C)cccc23)nn1,decoy
CHEMBL6624,COc1ccc(NS(=O)(=O)c2cccc3c(N(C)C)cccc23)nn1,decoy
CHEMBL428674,COc1c2occc2c(CN(CCO)CCO)c2ccc(=O)oc12.Cl,decoy
CHEMBL7315,Cc1c(NC(=O)Cc2ccc(Br)cc2)ccc2nc(N)nc(N)c12,decoy
CHEMBL6929,Nc1nc(S)c2cc(S(=O)(=O)c3ccc4ccccc4c3)ccc2n1,decoy
CHEMBL7358,Nc1nc(N)c2cc(CNC(=O)c3cccc(C(F)(F)F)c3)ccc2n1,decoy
CHEMBL265673,Cc1c(NC(=O)CCc2ccc(Cl)cc2)ccc2nc(N)nc(N)c12,decoy
CHEMBL6940,Nc1nc(N)c2cc(NC(=O)Cc3ccc(Cl)c(Cl)c3)ccc2n1,decoy
CHEMBL265343,CC[C@H]1OC(=O)CC(O)[C@H](C)[C@@H](O[C@@H]2O[C@H](C)C[C@H](N(C)C)[C@H]2O)[C@@H](CCN2CCOCC2)C[C@@H](C)C(=O)/C=C/C(C)=C/[C@@H]1C,decoy
CHEMBL273473,CC[C@H]1OC(=O)CC(O)[C@H](C)[C@@H](O[C@@H]2O[C@H](C)C[C@H](N(C)C)[C@H]2O)[C@@H](CCN2CCCC2)C[C@@H](C)C(=O)/C=C/[C@]2(C)O[C@H]2[C@@H]1C,decoy
CHEMBL9118,CC[C@H]1OC(=O)CC(O)[C@H](C)[C@@H](O[C@@H]2O[C@H](C)C[C@H](N(C)C)[C@H]2O)[C@@H](CCN(CC)CC)C[C@@H](C)C(=O)/C=C/[C@]2(C)O[C@H]2[C@@H]1C,decoy
CHEMBL266560,CC[C@H]1OC(=O)CC(O)[C@H](C)[C@@H](O[C@@H]2O[C@H](C)C[C@H](N(C)C)[C@H]2O)[C@@H](CCN2CCCCC2)C[C@@H](C)C(=O)/C=C/[C@]2(C)O[C@H]2[C@@H]1C,decoy
CHEMBL8751,CC[C@H]1OC(=O)CC(O)[C@H](C)[C@@H](O[C@@H]2O[C@H](C)C[C@H](N(C)C)[C@H]2O)[C@@H](CCN2CCN(C)CC2)C[C@@H](C)C(=O)/C=C/C(C)=C/[C@@H]1C,decoy
CHEMBL268906,CC[C@H]1OC(=O)CC(O)[C@H](C)[C@@H](O[C@@H]2O[C@H](C)C[C@H](N(C)C)[C@H]2O)[C@@H](CCN2CCCCCC2)C[C@@H](C)C(=O)/C=C/[C@]2(C)O[C@H]2[C@@H]1C,decoy
CHEMBL8838,CC[C@H]1OC(=O)CC(O)[C@H](C)[C@@H](O[C@@H]2O[C@H](C)C[C@H](N(C)C)[C@H]2O)[C@@H](CCN(C)CCO)C[C@@H](C)C(=O)/C=C/C(C)=C/[C@@H]1C,decoy
CHEMBL274801,CC[C@H]1OC(=O)CC(O)[C@H](C)[C@@H](O[C@@H]2O[C@H](C)C[C@H](N(C)C)[C@H]2O)[C@@H](CCN2CC(O)C2)C[C@@H](C)C(=O)/C=C/C(C)=C/[C@@H]1C,decoy
CHEMBL273833,Cn1nnnc1SCC1=C(C(=O)OC(c2ccccc2)c2ccccc2)N2C(=O)[C@@H](Nc3nc4cc(O)ccc4[nH]3)C2SC1,decoy
CHEMBL12913,COc1ccc(C[C@H]2NC(=O)/C=C/C[C@@H](C(C#Cc3ccccc3)OS(C)(=O)=O)OC(=O)[C@H](CC(C)C)OC(=O)CCNC2=O)cc1,decoy
CHEMBL273962,COc1ccc(C[C@H]2NC(=O)/C=C/C[C@@H](C(=O)/C=C/c3ccccc3)OC(=O)[C@H](CC(C)C)OC(=O)[C@H](C)CNC2=O)cc1Cl,decoy
CHEMBL13656,COc1ccc(C[C@H]2NC(=O)/C=C/C[C@@H](C(Br)C#Cc3ccccc3)OC(=O)[C@H](CC(C)C)OC(=O)CCNC2=O)cc1,decoy
CHEMBL13549,COc1ccc(C[C@H]2NC(=O)/C=C/C[C@@H](C(Br)C#Cc3ccccc3)OC(=O)[C@H](CC(C)C)OC(=O)[C@@H](C)CNC2=O)cc1,decoy
CHEMBL273430,COc1ccc(C[C@H]2NC(=O)/C=C/C[C@@H](C(Br)C#Cc3ccccc3)OC(=O)[C@H](CC(C)C)OC(=O)[C@H](C)CNC2=O)cc1,decoy
CHEMBL269545,COc1ccc(C[C@H]2NC(=O)/C=C/C[C@@H](C(/C=C/c3ccccc3)OC(C)=O)OC(=O)[C@H](CC(C)C)OC(=O)[C@H](C)CNC2=O)cc1,decoy
CHEMBL6659,CN1Cc2c(C(=O)OC(C)(C)C)ncn2-c2ccc(I)cc2C1=O,decoy
CHEMBL7510,CC(=O)OC(C(=O)Oc1ccc2[nH]c(C(=O)c3cc4ccccc4[nH]3)cc2c1)c1ccccc1,decoy
CHEMBL7212,COc1ccc2c(c1NC(=S)NC(=O)c1ccc([N+](=O)[O-])cc1)C(C)(C)COC2(C)C,decoy
CHEMBL7666,CC(=O)Oc1ccccc1C(=O)Oc1ccc2[nH]c(C(=O)c3cc4ccccc4[nH]3)cc2c1,decoy
CHEMBL266267,CCC(C)Nc1nc2ccc(Cl)cc2c2nc(-c3ccco3)nn12.CS(=O)(=O)O,decoy
CHEMBL268237,C[C@@H]1CC2=CC(=O)CCC2C2CC[C@@]3(C)C(CC[C@@]3(O)/C=C/I)C21,decoy
CHEMBL7690,Cc1cc(-c2c(F)cc3c(=O)c(Cc4cccc(O)c4O)cn(C4CC4)c3c2F)cc(C)n1,decoy
CHEMBL8138,Cc1cc(-c2c(F)cc3c(=O)c(Cc4ccccc4CO)cn(C4CC4)c3c2F)cc(C)n1,decoy
CHEMBL267120,C=C(C)[C@H]1Cc2c(ccc3c2OC2COc4cc(OC)c(OC)cc4C2/C3=N/OC(C)=O)O1,decoy
CHEMBL440642,Cc1cc(-c2c(F)cc3c(=O)c(Cc4c(O)cccc4O)cn(C4CC4)c3c2F)cc(C)n1,decoy
CHEMBL269139,Cc1cc(-c2c(F)cc3c(=O)c(Cc4cc(O)ccc4O)cn(C4CC4)c3c2F)cc(C)n1,decoy
CHEMBL7877,Cc1cc(-c2c(F)cc3c(=O)c(Cc4ccc(O)cc4O)cn(C4CC4)c3c2F)cc(C)n1,decoy
CHEMBL268834,C=C(C)[C@H]1Cc2c(ccc3c2OC2COc4cc(OC)c(OC)cc4C2(OC(C)=O)C3=O)O1,decoy
CHEMBL8029,N#CN/C(=N/c1cccc(Cl)c1)NC(Cn1ccnc1)c1ccc(Cl)cc1Cl,decoy
CHEMBL8124,N#CN/C(=N\C(Cn1ccnc1)c1ccc(Cl)cc1Cl)Nc1ccc(Cl)cc1,decoy
CHEMBL268116,Cc1cc(Br)cnc1NS(=O)(=O)c1cccc2c(N(C)C)cccc12,decoy
CHEMBL7360,C/C(=C\Cn1oc(=O)[nH]c1=O)c1cccc(OCc2ccc3c(Cl)cccc3c2)c1,decoy
CHEMBL7712,CC(C)Nc1cc(C(F)(F)F)ccc1N1CCN(C(=O)c2cc3ccccc3[nH]2)CC1,decoy
CHEMBL266324,CCNc1cccnc1N1CCN(C(=O)c2cc3c(C)c(OC)c(C)c(C)c3[nH]2)CC1,decoy
CHEMBL7411,COc1cccc(CC(=O)Oc2ccc3[nH]c(C(=O)c4cc5ccccc5[nH]4)cc3c2)c1,decoy
CHEMBL451241,O=C(Oc1ccc2[nH]c(C(=O)c3cc4ccccc4[nH]3)cc2c1)c1ccc([N+](=O)[O-])cc1,decoy
CHEMBL267417,O=C(N[C@@H](Cc1ccc(-c2ccccc2)cc1)C(=O)O)c1ccccc1Br,decoy
CHEMBL7876,CC(=O)N(C(=O)N=[S+]([O-])(c1ccc(C)cc1)N(C)C(C)=O)c1ccc(Cl)cc1,decoy
CHEMBL266960,COc1ccc(CNc2nnc(N3CCC(O)CC3)c3ccc(C#N)cc23)cc1Cl,decoy
CHEMBL275517,Cn1c(I)c(C2=NCC3(CN4CCC3CC4)O2)c2ccccc21,decoy
CHEMBL8473,N#CN/C(=N\C(Cn1ccnc1)c1ccc(Cl)cc1Cl)Nc1ccccc1Cl,decoy
CHEMBL8581,Cc1c(S(=O)(=O)N[C@H]2CCN(Cc3cc4c[nH]ccc-4n3)C2=O)sc2ccc(Cl)cc12,decoy
CHEMBL8251,Cc1c(S(=O)(=O)N[C@H]2CCN(Cc3cc4cc[nH]cc-4n3)C2=O)sc2ccc(Cl)cc12,decoy
CHEMBL267462,O=C1[C@@H](NS(=O)(=O)c2cc3ccc(Cl)cc3s2)CCN1Cc1cc2c[nH]ccc-2n1,decoy
CHEMBL266556,O=S(=O)(N1Cc2ccccc2N(Cc2c[nH]cn2)C(CCc2ccccc2)C1)C(F)(F)F,decoy
CHEMBL414199,CCC(c1ccc(O)c(I)c1)C(CC)c1cc(I)c(O)c(I)c1,decoy
CHEMBL9339,O=P(O)(O)C(F)(F)c1ccc(CC(Cc2ccc(Br)cc2)(c2ccccc2)n2nnc3ccccc32)cc1,decoy
CHEMBL9875,C[C@H](CCC(N)=[N+](C)C)C1CC[C@@]2(C)C3=C(CC[C@]12C)[C@@]1(C)CC[C@H](O)C(C)(C)C1CC3.O=S(=O)([O-])C(F)(F)F,decoy
CHEMBL11099,CC(C)C(NC(=O)Cn1c(-c2ccc(F)cc2)ncc(NS(=O)(=O)C2CCCCC2)c1=O)B1OC(C)(C)C(C)(C)O1,decoy
CHEMBL273981,CC(C)C(NC(=O)Cn1c(-c2ccc(C(F)(F)F)cc2)ncc(NC(=O)OCc2ccccc2)c1=O)C(=O)C(F)(F)F,decoy
CHEMBL273702,COc1ccc(C[C@H]2NC(=O)/C=C/C[C@@H](C/C=C/c3ccccc3)OC(=O)[C@H](CC(C)C)OC(=O)[C@H](C)CNC2=O)cc1,decoy
CHEMBL266856,COc1ccc(C[C@H]2NC(=O)/C=C/C[C@@H](C/C=C/c3ccccc3)OC(=O)[C@H](CC(C)C)OC(=O)[C@H](C)CNC2=O)cc1Cl,decoy
CHEMBL13529,COc1ccc(C[C@H]2NC(=O)/C=C/C[C@@H]([C@H](C)/C=C/c3ccccc3)OC(=O)[C@H](CC(C)C)OC(=O)[C@H](C)CNC2=O)cc1Cl,decoy
CHEMBL267072,COc1ccc(C[C@H]2NC(=O)/C=C/C[C@@H]([C@H](C)/C=C/c3ccccc3)OC(=O)[C@H](CC(C)C)OC(=O)[C@H](C)CNC2=O)cc1,decoy
CHEMBL13720,COc1ccc(C[C@H]2NC(=O)/C=C/C[C@@H](CC#Cc3ccccc3)OC(=O)[C@H](CC(C)C)OC(=O)[C@@H](C)CNC2=O)cc1,decoy
CHEMBL13594,COc1ccc(C[C@H]2NC(=O)/C=C/C[C@@H](CCCc3ccccc3)OC(=O)[C@H](CC(C)C)OC(=O)CCNC2=O)cc1Cl,decoy
CHEMBL269698,CC(=O)OCC1=C(C(=O)OC(c2ccccc2)c2ccccc2)N2C(=O)[C@@H](Nc3nc4cc(C(F)(F)F)ccc4[nH]3)C2SC1,decoy
CHEMBL13768,CN(C)c1ccc(NC(=O)Nc2cc(NC(=O)Nc3ccc(N(C)C)cc3)c(Br)cc2Br)cc1,decoy
CHEMBL13610,COc1ccc(C[C@H]2NC(=O)/C=C/C[C@@H]([C@@H](C)/C=C/c3ccccc3)OC(=O)[C@H](CC(C)C)OC(=O)[C@H](C)CNC2=O)cc1,decoy
CHEMBL13626,CC(C)C[C@H]1C(=O)N2CCCC2[C@]2(C)O[C@](NC(=O)C3C=C4c5cccc6[nH]c(Br)c(c56)C[C@H]4N(C)C3)(C(C)C)C(=O)N12,decoy
CHEMBL6431,COc1cc2nc(N3CCC(C(=O)NCCO)CC3)nc(N)c2cc1OC,decoy
CHEMBL6771,CC1(C)N=C(N)N=C(N)N1c1cccc(OCCCCOc2ccccc2)c1,decoy
CHEMBL7272,CCOC(=O)CCC(NC(=O)c1ccc2nc(N)nc(N)c2c1)C(=O)OCC,decoy
CHEMBL414203,CCOC(=O)CCC(NC(=O)c1ccc2nc(N)nc(O)c2c1)C(=O)OCC,decoy
CHEMBL7490,Cc1c(NC(=O)COc2ccc3ccccc3c2)ccc2nc(N)nc(N)c12,decoy
CHEMBL7090,CCOC(=O)CCC(NC(=O)c1ccc2nc(N)nc(N)c2c1C)C(=O)OCC,decoy
CHEMBL267219,Cc1c(NC(=O)Cc2cccc(C(F)(F)F)c2)ccc2nc(N)nc(N)c12,decoy
CHEMBL7108,COc1ccc(S(=O)(=O)N2CN(C(C)(C)C)C(=O)C[C@@H]2C(=O)NO)cc1,decoy
CHEMBL267449,C#CCNc1ccc(-c2ccc(N3C[C@H](CNC(C)=O)OC3=O)cc2F)ccc1=O,decoy
CHEMBL266447,C/N=c1\ccc(-c2ccc(N3C[C@H](CNC(C)=O)OC3=O)cc2F)ccc1O,decoy
CHEMBL7175,CC(C)NCc1cccnc1N1CCN(C(=O)c2cc3ccccc3[nH]2)CC1,decoy
CHEMBL31,COc1c(N2CCNC(C)C2)c(F)cc2c(=O)c(C(=O)O)cn(C3CC3)c12,decoy
CHEMBL269256,O=C(c1cc2ccccc2[nH]1)N1CCN(c2ncccc2NCC2CC2)CC1,decoy
CHEMBL7639,COc1ccc(CCNCC(O)C(=O)Oc2cccc3ccccc23)cc1OC,decoy
CHEMBL7750,CC(C)(CNC(=O)C1CCCCC1)NCC(O)COC(=O)c1ccccc1F,decoy
CHEMBL6316,Cc1ccc(Sc2cncc3sc(/C=N/OCC(=O)O)cc23)cc1,decoy
CHEMBL6264,Cc1ccc(Sc2cncc3sc(/C=N/OCC(N)=O)cc23)cc1,decoy
CHEMBL266315,CN(C)c1cccc2c(S(=O)(=O)Nc3ccc(Cl)cn3)cccc12,decoy
CHEMBL6575,CN1CCN2CC(c3ccc([N+](=O)[O-])cc3)c3ccc([N+](=O)[O-])cc3C2C1,decoy
CHEMBL266277,CN(C)c1cccc2c(S(=O)(=O)Nc3ccc(Br)nc3)cccc12,decoy
CHEMBL415292,CN(C)c1cccc2c(S(=O)(=O)Nc3ccc(Cl)nc3)cccc12,decoy
CHEMBL6888,Clc1ccc2nc(N3CCNCC3)c(Sc3ccccc3)nc2c1,decoy
CHEMBL6740,CC(C)(C)C(=O)C(=O)N1CCCCC1C(=O)OCCCc1cccnc1,decoy
CHEMBL269153,FC(F)(F)c1ccc2nc(N3CCNCC3)c(Sc3ccccc3)nc2c1,decoy
CHEMBL6589,COc1c2occc2c(CN2CCN(C)CC2)c2ccc(=O)oc12.Cl,decoy
CHEMBL6655,CN1Cc2c(C(=O)OC(C)(C)C)ncn2-c2ccc(Br)cc2C1=O,decoy
CHEMBL6826,CN1Cc2c(C(=O)OCCC(C)(C)C)ncn2-c2ccc(Cl)cc2C1=O,decoy
CHEMBL266301,CC(CN1CCCCC1)OC(=O)C1CCCCN1C(=O)C(=O)C(C)(C)C,decoy
CHEMBL6683,CC(CN1CCCCC1)OC(=O)[C@@H]1CCCN1C(=O)C(=O)c1ccccc1,decoy
CHEMBL6793,CN1Cc2c(C(=O)OCC(C)(C)C)ncn2-c2ccc(Cl)cc2C1=O,decoy
CHEMBL6636,C#CCN(Cc1ccc2nc(C)nc(O)c2c1)c1ccc(C(=O)N[C@@H](C(=O)O)c2cccc([N+](=O)[O-])c2)cc1,decoy
CHEMBL266956,C#CCN(Cc1ccc2nc(C)nc(O)c2c1)c1ccc(C(=O)N[C@@H](C(=O)O)c2ccccc2)cc1,decoy
CHEMBL6715,C#CCN(Cc1cc2c(O)nc(C)nc2cc1C)c1ccc(C(=O)N[C@@H](C(=O)O)C(C)C)c(F)c1,decoy
CHEMBL415104,C#CCN(Cc1ccc2nc(C)nc(O)c2c1)c1ccc(C(=O)N[C@H](Cc2ccccc2)C(=O)O)cc1,decoy
CHEMBL6850,C#CCN(Cc1ccc2nc(C)nc(O)c2c1)c1ccc(C(=O)NCc2cccc(C(=O)O)c2)cc1,decoy
CHEMBL415479,CNc1ccc(C#CC[C@H](NS(=O)(=O)c2ccc3ccccc3c2)C(=O)N(C)C2CCCC2)cc1,decoy
CHEMBL269487,CN(C(=O)[C@H](CC#Cc1ccc(CN)cc1)NS(=O)(=O)c1ccc2ccccc2c1)C1CCCC1,decoy
CHEMBL7587,CNc1ccc(C#CC[C@H](NS(=O)(=O)c2ccc3c(c2)CCCC3)C(=O)N(C)C2CCCC2)cc1,decoy
CHEMBL553108,CCCc1ccc(S(=O)(=O)N[C@@H](CC#Cc2ccc(NC)cc2)C(=O)N(C)C2CCCC2)cc1,decoy
CHEMBL7197,COC(=O)N[C@@H](C(=O)N1CCC[C@H]1C(=O)NCC#Cc1c[nH]cn1)C(c1ccccc1)c1ccccc1,decoy
CHEMBL7656,CN(C(=O)[C@H](Cc1ccc(C(=N)N)cc1)NS(=O)(=O)c1ccc2ccccc2c1)C1CCCC1,decoy
CHEMBL7905,CC1(C(=O)Nc2ccc(-c3ccccc3S(N)(=O)=O)cc2)CC(c2ccc(Cl)c(N)c2)=NO1,decoy
CHEMBL441324,CC(C)(C)n1cc(C(=O)O)c(=O)c2cc(F)c(N3CCNC(c4ccccc4)C3)cc21.CS(=O)(=O)O,decoy
CHEMBL269137,CCCCCCC[C@H]1OC(=O)C[C@@H](O)[C@H](Cc2ccccc2)N(C)C(=O)[C@H](C(C)C)OC(=O)[C@H]1C,decoy
CHEMBL268178,O=C1[C@@H](NS(=O)(=O)c2ccc(-c3ccc(Cl)s3)s2)CCN1Cc1cc2cc[nH]cc-2n1,decoy
CHEMBL8188,O=C1[C@@H](NS(=O)(=O)c2ccc(-c3ccc(Cl)s3)s2)CCN1CCNc1ccncc1,decoy
CHEMBL8860,CCN1C(C(=O)N[C@@H](Cc2ccccc2)C(=O)C(=O)OC)Cc2cc3c(cc2S1(=O)=O)OCCO3,decoy
CHEMBL266784,CCNC(=O)C(=O)[C@H](Cc1ccccc1)NC(=O)C1Cc2cc(Cl)ccc2S(=O)(=O)N1CC,decoy
CHEMBL266807,CCN1C(C(=O)N[C@@H](Cc2ccccc2)C(=O)C(=O)NC(C)C)Cc2cc3c(cc2S1(=O)=O)OCCO3,decoy
CHEMBL8733,C=CCNC(=O)C(=O)[C@H](Cc1ccccc1)NC(=O)C1Cc2cc3c(cc2S(=O)(=O)N1CC)OCCO3,decoy
CHEMBL8673,CCNC(=O)C(=O)[C@H](Cc1ccccc1)NC(=O)C1Cc2cc3c(cc2S(=O)(=O)N1CC)OCCO3,decoy
CHEMBL8495,CCCn1c(=O)[nH]c2[nH]c(-c3ccc(S(=O)(=O)Oc4cccc([N+](=O)[O-])c4)cc3)nc2c1=O,decoy
CHEMBL412854,CCCCn1c(=O)[nH]c2[nH]c(-c3ccc(S(=O)(=O)Oc4ccc([N+](=O)[O-])cc4)cc3)nc2c1=O,decoy
CHEMBL8732,CCCn1c(=O)[nH]c2[nH]c(-c3ccc(S(=O)(=O)Oc4ccc([N+](=O)[O-])cc4)cc3)nc2c1=O,decoy
CHEMBL8810,CCCCn1c(=O)[nH]c2[nH]c(-c3ccc(S(=O)(=O)Oc4cccc([N+](=O)[O-])c4)cc3)nc2c1=O,decoy
CHEMBL8519,Cc1cn(C2CC(O)C(CNC(=O)COc3ccc(OCc4ccccc4)cc3)O2)c(=O)[nH]c1=O,decoy
CHEMBL8911,CCCS(=O)(=O)CCN1C[C@@H](c2ccc3c(c2)OCO3)[C@H](C(=O)O)[C@H]1c1ccc(OC)cc1,decoy
CHEMBL441013,O=C(CI)N[C@@H]1CCC2C3Cc4ccc(O)c5c4C2(CCN3CC2CC2)[C@H]1O5,decoy
CHEMBL9354,CCOC(=O)c1cccc(NC(=O)NNc2nc3ccccc3c(=O)n2-c2cccc(OC)c2)c1,decoy
CHEMBL8980,CNC(N)c1ccc(C[C@H](NS(=O)(=O)c2ccc3ccccc3c2)C(=O)N2CCCCCC2)cc1,decoy
CHEMBL6357,C#CCN(Cc1ccc2nc(C)nc(O)c2c1)c1ccc(C(=O)NCc2ccccn2)cc1,decoy
CHEMBL6699,O=C(C(=O)N1CCCCC1C(=O)OCCS(=O)(=O)c1ccccc1)c1ccccc1,decoy
CHEMBL7032,COc1ccc2c(c1O)-c1cc(O)cc3c1C(C2)N(C(=O)CN(CCCl)CCCl)CC3,decoy
CHEMBL7398,COc1cc(C(=O)Oc2ccc3[nH]c(C(=O)c4cc5ccccc5[nH]4)cc3c2)cc(OC)c1OC,decoy
CHEMBL429008,CCCCc1nc2ccnc(O)c2n1Cc1ccc(-c2ccccc2-c2nn[nH]n2)cc1,decoy
CHEMBL269778,O=S(=O)(c1ccccc1)N1Cc2ccccc2N(Cc2c[nH]cn2)C(CCc2ccccc2)C1,decoy
CHEMBL267942,O=S(=O)(c1ccc(F)cc1)N1Cc2ccccc2N(Cc2c[nH]cn2)C(CCc2ccccc2)C1,decoy
CHEMBL268917,O=C1[C@@H](NS(=O)(=O)c2ccc(-c3ccc(Cl)s3)s2)CCN1Cc1cc2c[nH]ccc-2n1,decoy
CHEMBL8306,O=S(=O)(c1ccc(O)cc1)N1Cc2ccccc2N(Cc2c[nH]cn2)C(CCc2ccccc2)C1,decoy
CHEMBL266958,O=S(=O)(c1cccs1)N1Cc2ccccc2N(Cc2c[nH]cn2)C(CCc2ccccc2)C1,decoy
CHEMBL8206,Cc1c(S(=O)(=O)N[C@H]2CCN(Cc3cc4[nH]cccc-4n3)C2=O)sc2ccc(Cl)cc12,decoy
CHEMBL8344,Cc1c(S(=O)(=O)N[C@H]2CCN(CCNc3ccncc3)C2=O)sc2cc(Cl)ccc12,decoy
CHEMBL267196,O=C1[C@@H](NS(=O)(=O)c2cc3ccc(Cl)cc3s2)CCN1CCNc1ccncc1,decoy
CHEMBL7947,O=C1[C@@H](NS(=O)(=O)c2cc3c(Cl)nccc3s2)CCN1Cc1cc2[nH]cccc-2n1,decoy
CHEMBL268226,O=C1[C@@H](NS(=O)(=O)c2cc3ccc(Cl)nc3s2)CCN1Cc1cc2[nH]cccc-2n1,decoy
CHEMBL269156,O=S(=O)(c1cccc2nonc12)N1Cc2ccccc2N(Cc2c[nH]cn2)C(CCc2ccccc2)C1,decoy
CHEMBL266533,O=C1[C@@H](NS(=O)(=O)c2ccc(-c3ccc(Cl)s3)s2)CCN1Cc1cc2[nH]cccc-2n1,decoy
CHEMBL8736,COc1ccc([C@@H]2[C@@H](C(=O)O)[C@H](c3ccc4c(c3)OCO4)CN2CC(=O)N(C)C2CCCCC2)cc1,decoy
CHEMBL9084,COc1ccc([C@@H]2[C@@H](C(=O)O)[C@H](c3ccc4c(c3)OCO4)CN2C(=O)COc2ccc(F)cc2)cc1,decoy
CHEMBL273476,COc1ccc([C@@H]2[C@@H](C(=O)O)[C@H](c3ccc4c(c3)OCO4)CN2CC(=O)N(C)c2ccccc2)cc1,decoy
CHEMBL9495,COc1ccc([C@@H]2[C@@H](C(=O)O)[C@H](c3ccc4c(c3)OCO4)CN2CC(=O)N(C)CC(C)(C)C)cc1,decoy
CHEMBL269108,COc1ccc([C@@H]2[C@@H](C(=O)O)[C@H](c3ccc4c(c3)OCO4)CN2CC(=O)N(C)Cc2ccccc2)cc1,decoy
CHEMBL8938,COc1ccc2c3c1OC1[C@H](O)[C@](CO)(CCCc4ccccc4)CC4C(C2)N(CC2CC2)CCC341,decoy
CHEMBL9641,COc1ccc2c3c1OC1[C@H](O)[C@](CO)(CCc4ccccc4)CC4C(C2)N(CC2CC2)CCC341,decoy
CHEMBL269664,COc1ccc2c3c1OC1[C@H](O)[C@@](C=CCCCc4ccccc4)(CO)CC4C(C2)N(C)CCC341,decoy
CHEMBL9769,COc1ccc2c3c1OC1[C@H](O)[C@](CO)(CCCCCc4ccccc4)CC4C(C2)N(C)CCC341,decoy
CHEMBL273447,COc1ccc2c3c1OC1[C@H](O)[C@](CO)(CCc4ccccc4)CC4C(C2)N(CC2CCC2)CCC341,decoy
CHEMBL9927,CCc1c(C(=O)NCCCN2CCCC2=O)cnn1-c1nc(-c2cccc(C(F)(F)F)c2)cs1,decoy
CHEMBL75,CC(=O)N1CCN(c2ccc(OC[C@H]3CO[C@](Cn4ccnc4)(c4ccc(Cl)cc4Cl)O3)cc2)CC1,decoy
CHEMBL276237,O=C1CCC(c2ccccc2)(C2CCN(Cc3ccccc3I)CC2)C(=O)N1,decoy
CHEMBL268528,COc1ccc(C(=O)c2ccc(-n3ncc(=O)[nH]c3=O)cc2)cc1,decoy
CHEMBL6335,O=c1oc2c(Cl)c(Cl)ccc2c2cc(O)c(O)cc12,decoy
CHEMBL6201,Cn1c(CC(=O)O)cc(CO)c1C(=O)c1ccc(Cl)cc1,decoy
CHEMBL6267,COC(=O)[C@@H](N)COC(=O)Nc1ccc([N+](=O)[O-])cc1.Cl,decoy
CHEMBL6285,COC(=O)[C@@H](N)CCC(=O)Nc1ccc([N+](=O)[O-])cc1.Cl,decoy
CHEMBL9,CCn1cc(C(=O)O)c(=O)c2cc(F)c(N3CCNCC3)cc21,decoy
CHEMBL269495,CCc1cc2c(Nc3nnc(C)s3)ncnc2s1,decoy
CHEMBL267456,NC(=O)c1cc2c(Sc3ccccc3)cncc2s1,decoy
CHEMBL269598,Cc1ccc(Sc2cncc3sc(C(=O)NN)cc23)cc1,decoy
CHEMBL263080,NC(=O)c1cc2c(Sc3ccccn3)cncc2s1,decoy
CHEMBL263081,COc1ccc(Sc2cncc3sc(C(N)=O)cc23)cc1,decoy
CHEMBL269002,C/N=C(/NC(C)=O)NC1c2cc(C#N)ccc2OC(C)(C)[C@H]1O,decoy
CHEMBL6320,Cc1ccc([S+]([O-])c2cncc3sc(C(N)=O)cc23)cc1,decoy
CHEMBL267938,Cc1occc1Sc1cncc2sc(C(N)=O)cc12,decoy
CHEMBL268070,Cc1nnc(Sc2cncc3sc(C(N)=O)cc23)s1,decoy
CHEMBL267918,CC1(C)CC[C@]2(C(=O)NN)CC[C@]3(C)C(C(=O)C=C4[C@@]5(C)C=C(C#N)C(=O)C(C)(C)[C@@H]5CC[C@]43C)C2C1,decoy
CHEMBL8368,O=C1[C@@H](NS(=O)(=O)c2ccc(-c3ccon3)s2)CCN1Cc1cc2[nH]cccc-2n1,decoy
CHEMBL8503,O=C1[C@@H](NS(=O)(=O)c2cc3c(Cl)nccc3s2)CCN1Cc1cc2c[nH]ccc-2n1,decoy
CHEMBL8509,O=C1[C@@H](NS(=O)(=O)c2cc3ccc(Cl)nc3s2)CCN1Cc1cc2c[nH]ccc-2n1,decoy
CHEMBL8632,COc1cc2nc(N3CCN(C(=O)C4COc5ccccc5O4)CC3)cc(N)c2cc1OC,decoy
CHEMBL262447,O=C1[C@@H](NS(=O)(=O)c2cc3ccnc(Cl)c3s2)CCN1Cc1cc2[nH]cccc-2n1,decoy
CHEMBL8382,O=C1[C@@H](NS(=O)(=O)c2cc3ccc(Cl)cc3s2)CCN1Cc1cc2cc[nH]cc-2n1,decoy
CHEMBL8645,O=C1[C@@H](NS(=O)(=O)c2cc3nc(Cl)ccc3s2)CCN1Cc1cc2cc[nH]cc-2n1,decoy
CHEMBL8437,O=C1[C@@H](NS(=O)(=O)c2cc3ccc(Cl)cc3s2)CCN1Cc1cc2[nH]cccc-2n1,decoy
CHEMBL266806,O=C1[C@@H](NS(=O)(=O)c2cc3ccnc(Cl)c3s2)CCN1Cc1cc2cc[nH]cc-2n1,decoy
CHEMBL8506,O=C1[C@@H](NS(=O)(=O)c2cc3c(Cl)nccc3s2)CCN1Cc1cc2cc[nH]cc-2n1,decoy
CHEMBL268655,O=C1[C@@H](NS(=O)(=O)c2cc3ccc(Cl)nc3s2)CCN1Cc1cc2cc[nH]cc-2n1,decoy
CHEMBL269124,CN1CC=C(c2c(O)cc(O)c3c(=O)cc(-c4ccccc4I)oc23)CC1,decoy
CHEMBL266336,COc1ccc([C@@H]2[C@@H](C(=O)O)[C@H](c3ccc4c(c3)OCO4)CN2C(=O)Nc2ccccc2)cc1,decoy
CHEMBL8776,COc1ccc([C@@H]2[C@@H](C(=O)O)[C@H](c3ccc4c(c3)OCO4)CN2C(=O)N2CCOCC2)cc1,decoy
CHEMBL267229,COc1cc(N2CCN(c3cc(OC)c(OC)c(OC)c3)CC2)cc(OC)c1OC,decoy
CHEMBL266196,CN(C(=O)[C@H](Cc1ccc(CN)cc1)NS(=O)(=O)c1ccc2ccccc2c1)C1CCCC1,decoy
CHEMBL7131,CC(C)CC(=O)C(=O)N1CCCCC1C(=O)OCCS(=O)(=O)c1ccccc1,decoy
CHEMBL6809,O=C(C(=O)N1CCC[C@H]1C(=O)OCCS(=O)(=O)c1ccccc1)c1ccccc1,decoy
CHEMBL266129,CC(C)(C)C(=O)C(=O)N1CCCCC1C(=O)OCCS(=O)(=O)c1ccccc1,decoy
CHEMBL6765,C/C(=C\Cn1oc(=O)[nH]c1=O)c1cccc(OCc2nc(-c3ccccc3)oc2C)c1,decoy
CHEMBL23,COc1ccc([C@@H]2Sc3ccccc3N(CCN(C)C)C(=O)[C@@H]2OC(C)=O)cc1,decoy
CHEMBL415291,C/C(=C\Cn1oc(=O)[nH]c1=O)c1cccc(OCCc2nc(-c3ccccc3)oc2C)c1,decoy
CHEMBL7349,Cc1oc(-c2ccccc2)nc1COc1cccc(C#CC(C)n2oc(=O)[nH]c2=O)c1,decoy
CHEMBL427646,COc1ccc2[nH]c(C(=O)N3CCN(c4ncccc4NC(C)(C)C)CC3)cc2c1,decoy
CHEMBL266590,COc1ccc(-c2c(F)cc(N3C[C@H](CNC(C)=O)OC3=O)cc2F)ccc1=O,decoy
CHEMBL7217,COc1ccc2c(c1O)-c1cccc3c1C(C2)N(CCOC(=O)NCCCl)CC3,decoy
CHEMBL7082,CC(C)(C)NC(=O)c1cccnc1N1CCN(C(=O)c2cc3ccccc3[nH]2)CC1,decoy
CHEMBL266920,COc1ccc(-c2c(F)cc(N3CC(CNC(C)=O)OC3=O)cc2F)ccc1=O,decoy
CHEMBL7463,CN(C)CCCn1cc(C2=C(c3c[nH]c4ccccc34)C(=O)NC2=O)c2ccccc21,decoy
CHEMBL267458,Cc1noc(NS(=O)(=O)c2cccc3c(N(C)C)cccc23)c1C,decoy
CHEMBL269573,Cc1cc(=O)n(C(=O)OC(C)(C)C)c2c3c(ccc12)OC(C)(C)[C@H](O)[C@@H]3O,decoy
CHEMBL6465,Nc1nc(N)c2nc(Sc3cc(Cl)c(Cl)cc3Cl)cnc2n1,decoy
CHEMBL269599,CS(=O)(=O)c1c(F)cc(-c2cc(C(N)=O)c(Cl)nn2)cc1F,decoy
CHEMBL6668,CN(C)c1cccc2c(S(=O)(=O)Nc3ccc(C#N)nn3)cccc12,decoy
CHEMBL6642,Nc1nc(N)c2c([S+]([O-])c3ccc(Cl)c(Cl)c3)cccc2n1,decoy
CHEMBL268584,Nc1nc(N)c2cc(S(=O)(=O)c3ccc4ccccc4c3)ccc2n1,decoy
CHEMBL6693,Nc1nc(N)c2c(S(=O)(=O)c3ccc4ccccc4c3)cccc2n1,decoy
CHEMBL6967,Nc1nc(O)c2cc(S(=O)(=O)c3ccc4ccccc4c3)ccc2n1,decoy
CHEMBL7106,Nc1nc(N)c2c(Cl)c(NC(=O)COc3ccc(Cl)c(Cl)c3)ccc2n1,decoy
CHEMBL7035,CC1(C)N=C(N)N=C(N)N1c1ccc(OCc2ccc(Cl)c(Cl)c2)cc1,decoy
CHEMBL6906,Nc1nc(N)c2c(Cl)c(NC(=O)CCc3ccc(Cl)cc3)ccc2n1,decoy
CHEMBL269511,Nc1nc(O)c2c(S(=O)(=O)c3ccc4ccccc4c3)cccc2n1,decoy
CHEMBL7049,Cc1c(NC(=O)Cc2ccc3ccccc3c2)ccc2nc(N)nc(N)c12,decoy
CHEMBL7176,Nc1nc(N)c2c(Cl)c(NC(=O)Cc3ccc4ccccc4c3)ccc2n1,decoy
CHEMBL275337,COc1ccc(C[C@H]2NC(=O)/C=C/C[C@@H](C(=O)/C=C/c3ccccc3)OC(=O)[C@H](CC(C)C)OC(=O)[C@H](C)CNC2=O)cc1,decoy
CHEMBL13551,COc1ccc(C[C@H]2NC(=O)/C=C/C[C@@H]([C@@](C)(O)/C=C\c3ccccc3)OC(=O)[C@H](CC(C)C)OC(=O)CCNC2=O)cc1,decoy
CHEMBL276839,COc1ccc(C[C@H]2NC(=O)/C=C/C[C@@H]([C@](C)(O)/C=C\c3ccccc3)OC(=O)[C@H](CC(C)C)OC(=O)CCNC2=O)cc1,decoy
CHEMBL441018,COc1ccc(C[C@H]2NC(=O)/C=C/C[C@@H]([C@H](C)[C@H]3O[C@@H]3c3ccccc3)OC(=O)[C@H](CC(C)C)OC(=O)[C@H](C)CNC2=O)cc1Cl,decoy
CHEMBL274865,CC(C)(CC(=O)N[C@@H]1CCc2ccccc2N(Cc2ccc(-c3ccccc3-c3nn[nH]n3)cc2)C1=O)NC(=O)OC(C)(C)C,decoy
CHEMBL277571,CC(C)(CC(=O)N[C@@H]1CCc2ccccc2N(Cc2ccc(-c3ccccc3-c3nn[nH]n3)cc2)C1=O)NCc1ccccc1,decoy
CHEMBL14970,COc1ccc(N(C(=O)CN2C(=O)C(NC(=O)Nc3cccc(C(=O)O)c3)[N+]([O-])=C(C3CCCCC3)c3ccccc32)C(C)C)cc1,decoy
CHEMBL15643,COc1ccc(N(C(=O)CN2C(=O)C(NC(=O)c3cc4ccccc4[nH]3)[N+]([O-])=C(C3CCCCC3)c3ccccc32)C(C)C)cc1,decoy
CHEMBL275878,CCNc1cccnc1N1CCN(CC(=O)[C@H]2[C@H](C)CC3C4CCC5=CC(=O)C=C[C@]5(C)C4=CC[C@@]32C)CC1.O=C(O)/C=C/C(=O)O,decoy
CHEMBL431101,COc1ccc(N(C(=O)CN2C(=O)C(NC(=O)Nc3cccc(C(=O)O)c3)N=C(c3ccccc3)c3ccccc32)C(C)C)cc1,decoy
CHEMBL274720,COc1ccc(N(C(=O)CN2C(=O)C(NC(=O)c3cc4ccccc4[nH]3)N=C(C3CCCCC3)c3ccccc32)C(C)C)cc1,decoy
CHEMBL557,N[C@H](Cc1cc(I)c(Oc2ccc(O)c(I)c2)c(I)c1)C(=O)O,decoy
CHEMBL15632,C=CC[C@H](NC(=O)[C@@H]1CCc2c(Cl)nc(NCc3cccc(C(F)(F)F)c3)c(=O)n21)B1OC2CC3CC(C3(C)C)[C@@]2(C)O1,decoy
CHEMBL274985,C=CC[C@H](NC(=O)[C@@H]1C[C@@H](CCCc2cccc3ccccc23)c2c(Cl)nc(N)c(=O)n21)B1OC2CC3CC(C3(C)C)[C@@]2(C)O1,decoy
CHEMBL16323,Clc1ccc2c(c1)C(c1ccccc1)=NCc1nnc(C(CN3CCN(c4ccccc4)CC3)c3ccccc3)n1-2.O=C(O)C(=O)O,decoy
