id,smiles,matched_active
CHEMBL6514,Cc1c(C)c2c(c(C)c1OCc1ccccc1)CCC(C)(CN(C)CCOc1ccc(/C=C3\SC(=O)NC3=O)cc1)O2,CHEMBL6149922
CHEMBL6605,Cc1c(C)c2c(c(C)c1OCc1ccccc1)C(CN(C)CCOc1ccc(/C=C3\SC(=O)NC3=O)cc1)C(C)(C)O2,CHEMBL6149922
CHEMBL203751,Cc1oc(-c2ccc(C(F)(F)F)cc2)nc1COc1cccc(/C(=C/Cn2oc(=O)n(CC(=O)O)c2=O)c2ccccc2)c1,CHEMBL6149922
CHEMBL7152,CCCC/C(=C\Cn1oc(=O)[nH]c1=O)c1cccc(OCc2nc(-c3ccc(C(F)(F)F)cc3)oc2-c2ccccc2)c1,CHEMBL6149922
CHEMBL266474,Cc1oc(-c2ccc(C(F)(F)F)cc2)nc1COc1cccc(/C(=C/Cn2oc(=O)[nH]c2=O)c2ccc(Cl)cc2)c1,CHEMBL6149922
CHEMBL268115,CC(C)[C@@H]1CC[C@]2(C(=O)O)CC[C@]3(C)[C@H](CC[C@@H]4[C@@]5(C)CC[C@H](OC(=O)C(C)(C)CC(=O)O)C(C)(C)[C@@H]5CC[C@]43C)[C@@H]12,CHEMBL6149922
CHEMBL404519,C=C(C)[C@@H]1CC[C@]2(C(=O)O)CC[C@]3(C)[C@H](CC[C@@H]4[C@@]5(C)CC[C@H](OC(=O)CC(C)(C)C(=O)O)C(C)(C)[C@@H]5CC[C@]43C)[C@@H]12,CHEMBL6149922
CHEMBL266867,CC(C)[C@@H]1CC[C@]2(C(=O)O)CC[C@]3(C)[C@H](CC[C@@H]4[C@@]5(C)CC[C@H](OC(=O)CC(C)(C)C(=O)O)C(C)(C)[C@@H]5CC[C@]43C)[C@@H]12,CHEMBL6149922
CHEMBL7365,C=C(C)[C@@H]1CC[C@]2(C(=O)O)CC[C@]3(C)[C@H](CC[C@@H]4[C@@]5(C)CC[C@H](OC(=O)C(C)(C)CC(=O)O)C(C)(C)[C@@H]5CC[C@]43C)[C@@H]12,CHEMBL6149922
CHEMBL276648,O=P(O)(O)C(F)(F)c1ccc(C(c2ccc(-c3ccccc3-c3nn[nH]n3)cc2)C(c2ccccc2)n2nnc3ccccc32)cc1,CHEMBL6149922
CHEMBL267759,O=P(O)(O)C(F)(F)c1ccc(CC(Cc2ccc(-c3ccccc3)cc2)(c2ccccc2)n2nnc3ccccc32)cc1,CHEMBL6149922
CHEMBL9374,O=P(O)(O)C(F)(F)c1ccc(CC(Cc2ccc(OCc3ccccc3)cc2)(c2ccccc2)n2nnc3ccccc32)cc1,CHEMBL6149922
CHEMBL9339,O=P(O)(O)C(F)(F)c1ccc(CC(Cc2ccc(Br)cc2)(c2ccccc2)n2nnc3ccccc32)cc1,CHEMBL6149922
CHEMBL9527,Cl.O=C(C1CCCN1)N1CCCC1P(=O)(Oc1ccc(NN2CCCC2)cc1)Oc1ccc(NN2CCCC2)cc1,CHEMBL6149922
CHEMBL276845,C[C@@H]1CC[C@H]2[C@@H](C)C(CC(CO)CC3OC4O[C@]5(C)CC[C@H]6[C@H](C)CC[C@@H]([C@H]3C)C46OO5)OC3O[C@]4(C)CCC1C32OO4,CHEMBL6149922
CHEMBL447227,COc1cc2nc(N3CCN(C(=O)c4ccc(N=C=S)c(I)c4)CC3)nc(N)c2cc1OC,CHEMBL4855757
CHEMBL6271,C#CCN(Cc1cc2c(O)nc(C)nc2cc1C)c1ccc(C(=O)N[C@@H](C(=O)O)c2cccc([N+](=O)[O-])c2)c(F)c1,CHEMBL4855757
CHEMBL267877,Cc1oc(-c2ccc(C(F)(F)F)cc2)nc1COc1cccc(/C(=C/Cn2oc(=O)[nH]c2=O)c2ccc(F)cc2)c1,CHEMBL4855757
CHEMBL6803,Cc1oc(-c2ccc(C(F)(F)F)cc2)nc1COc1cccc(/C(=C/Cn2oc(=O)[nH]c2=O)Cc2ccccc2)c1,CHEMBL4855757
CHEMBL6844,Cc1oc(-c2ccc(C(F)(F)F)cc2)nc1COc1cccc(/C(=C/Cn2oc(=O)[nH]c2=O)c2ccccc2)c1,CHEMBL4855757
CHEMBL6982,Cc1oc(-c2ccc(C(F)(F)F)cc2)nc1COc1cccc(/C(=C/Cn2oc(=O)[nH]c2=O)C2CCCCC2)c1,CHEMBL4855757
CHEMBL7120,Cc1oc(-c2ccc(C(F)(F)F)cc2)nc1COc1cccc(/C(I)=C/Cn2oc(=O)[nH]c2=O)c1,CHEMBL4855757
CHEMBL7048,C/C(=C\Cn1oc(=O)[nH]c1=O)c1cccc(OCc2nc(-c3ccc(C(F)(F)F)cc3)oc2-c2ccccc2)c1,CHEMBL4855757
CHEMBL7299,COc1ccc(/C(=C\Cn2oc(=O)[nH]c2=O)c2cccc(OCc3nc(-c4ccc(C(F)(F)F)cc4)oc3C)c2)cc1,CHEMBL4855757
CHEMBL8385,CCOC(=O)[C@]12CCC(C)(C)CC1C1C(=O)C=C3[C@@]4(C)C=C(C(=O)O)C(=O)C(C)(C)[C@@H]4CC[C@@]3(C)[C@]1(C)CC2,CHEMBL4855757
CHEMBL9117,CC[C@H]1OC(=O)CC(O)[C@H](C)[C@@H](O[C@@H]2O[C@H](C)C[C@H](N(C)C)[C@H]2O)[C@@H](CCN(C)C)C[C@@H](C)C(=O)/C=C/C(C)=C/[C@@H]1C,CHEMBL4855757
CHEMBL267245,O=C(OCc1ccccc1)C(Cc1ccc(C(F)(F)P(=O)(O)O)cc1)(c1ccccc1)n1nnc2ccccc21,CHEMBL4855757
CHEMBL9177,CCNCC[C@H]1C[C@@H](C)C(=O)/C=C/C(C)=C/[C@H](C)[C@@H](CC)OC(=O)CC(O)[C@H](C)[C@H]1O[C@@H]1O[C@H](C)C[C@H](N(C)C)[C@H]1O,CHEMBL4855757
CHEMBL266103,CC[C@H]1OC(=O)CC(O)[C@H](C)[C@@H](O[C@@H]2O[C@H](C)C[C@H](N(C)C)[C@H]2O)[C@@H](CCN2CCC2)C[C@@H](C)C(=O)/C=C/C(C)=C/[C@@H]1C,CHEMBL4855757
CHEMBL265344,CC(=O)Nc1ccc(OP(=O)(Oc2ccc(NC(C)=O)cc2)C2CCCN2C(=O)C2CCCN2)cc1.Cl,CHEMBL4855757
CHEMBL6851,C=C1[C@@H](OC(=O)/C=C/c2ccccc2)CC[C@@]2(C)[C@@H](O)[C@H](O)C3=C(C)C(=O)C[C@@H]([C@@H](OC(C)=O)[C@H]12)C3(C)C,CHEMBL5863463
CHEMBL7167,Cc1oc(-c2ccc(C(F)(F)F)cc2)nc1COc1cccc(/C(=C/Cn2oc(=O)[nH]c2=O)C(C)(C)C)c1,CHEMBL5863463
CHEMBL7093,C/C(=C\CC1SC(=O)NC1=O)c1cccc(OCc2nc(-c3ccc(OC(F)(F)F)cc3)oc2C)c1,CHEMBL5863463
CHEMBL6952,COc1cc(OCc2nc(-c3ccc(C(F)(F)F)cc3)oc2C)cc(/C(C)=C/Cn2oc(=O)[nH]c2=O)c1,CHEMBL5863463
CHEMBL7758,CNc1ccc(C#CC[C@H](NS(=O)(=O)c2ccc3cc(OC)ccc3c2)C(=O)N(C)C2CCCC2)cc1,CHEMBL5863463
CHEMBL7281,CC(C)(C)OC(=O)Nc1ccc2c(c1)cc1c(=O)n3c(cc4cc(NC(=O)OC(C)(C)C)ccc43)c(=O)n12,CHEMBL5863463
CHEMBL267707,Cc1cc(-c2c(F)cc3c(=O)c(Cc4ccccc4NC(=O)C(F)(F)F)cn(C4CC4)c3c2F)cc(C)n1,CHEMBL5863463
CHEMBL8252,COC(=O)[C@]12CCC(C)(C)CC1C1C(=O)C=C3[C@@]4(C)C=C(C(=O)O)C(=O)C(C)(C)[C@@H]4CC[C@@]3(C)[C@]1(C)CC2,CHEMBL5863463
CHEMBL268858,C=C1[C@@H](OC(C)=O)CC[C@@]2(C)[C@@H](OC(C)=O)[C@H](OC(C)=O)C3=C(C)C(=O)C[C@@H]([C@@H](OC(C)=O)[C@H]12)C3(C)C,CHEMBL5863463
CHEMBL8414,Cc1[nH]cnc1CN1c2ccccc2CN(S(=O)(=O)c2ccc(Cl)c(Cl)c2)CC1CCc1ccccc1,CHEMBL5863463
CHEMBL8153,Cc1[nH]cnc1CN1c2ccccc2CN(S(=O)(=O)c2ccc(C(C)(C)C)cc2)CC1CCc1ccccc1,CHEMBL5863463
CHEMBL269602,CC(=O)Nc1ccc(S(=O)(=O)N2Cc3ccccc3N(Cc3c[nH]cn3)C(CCc3ccccc3)C2)cc1,CHEMBL5863463
CHEMBL266118,O=[N+]([O-])c1cccc(S(=O)(=O)N2Cc3ccccc3N(Cc3c[nH]cn3)C(CCc3ccccc3)C2)c1,CHEMBL5863463
CHEMBL8499,CC(C)(C)c1ccc(S(=O)(=O)N2Cc3ccccc3N(Cc3ncc[nH]3)C(CCc3ccccc3)C2)cc1,CHEMBL5863463
CHEMBL8406,N#Cc1ccc(S(=O)(=O)N2Cc3ccccc3N(Cc3c[nH]cn3)C(CCc3ccccc3)C2)c(Cl)c1,CHEMBL5863463
CHEMBL6396,Cc1cc(O)nc2c3c(ccc12)OC(C)(C)[C@H](OC(=O)C12CCC(C)(C(=O)O1)C2(C)C)[C@@H]3OC(=O)C12CCC(C)(C(=O)O1)C2(C)C,CHEMBL5741049
CHEMBL409059,CC[C@H]1OC(=O)CC(O)[C@H](C)[C@@H](O[C@@H]2O[C@H](C)C[C@H](N(C)C)[C@H]2O)[C@@H](CCN(C)CC)C[C@@H](C)C(=O)/C=C/C(C)=C/[C@@H]1C,CHEMBL5741049
CHEMBL9248,CC[C@H]1OC(=O)CC(O)[C@H](C)[C@@H](O[C@@H]2O[C@H](C)C[C@H](N(C)C)[C@H]2O)[C@@H](CCN2CCCC2)C[C@@H](C)C(=O)/C=C/C(C)=C/[C@@H]1C,CHEMBL5741049
CHEMBL9176,CC[C@H]1OC(=O)CC(O)[C@H](C)[C@@H](O[C@@H]2O[C@H](C)C[C@H](N(C)C)[C@H]2O)[C@@H](CCNC(C)(C)C)C[C@@H](C)C(=O)/C=C/C(C)=C/[C@@H]1C,CHEMBL5741049
CHEMBL266142,CC[C@H]1OC(=O)CC(O)[C@H](C)[C@@H](O[C@@H]2O[C@H](C)C[C@H](N(C)C)[C@H]2O)[C@@H](CCN2CCCCC2)C[C@@H](C)C(=O)/C=C/C(C)=C/[C@@H]1C,CHEMBL5741049
CHEMBL481,CCc1c2c(nc3ccc(OC(=O)N4CCC(N5CCCCC5)CC4)cc13)-c1cc3c(c(=O)n1C2)COC(=O)[C@]3(O)CC,CHEMBL5741049
CHEMBL10456,CCc1c2c(nc3ccc(OC(=O)N4CCC(N5CCCCC5)CC4)cc13)-c1cc3c(c(=O)n1C2)COC(=O)C3(O)CC,CHEMBL5741049
CHEMBL273702,COc1ccc(C[C@H]2NC(=O)/C=C/C[C@@H](C/C=C/c3ccccc3)OC(=O)[C@H](CC(C)C)OC(=O)[C@H](C)CNC2=O)cc1,CHEMBL5741049
CHEMBL266856,COc1ccc(C[C@H]2NC(=O)/C=C/C[C@@H](C/C=C/c3ccccc3)OC(=O)[C@H](CC(C)C)OC(=O)[C@H](C)CNC2=O)cc1Cl,CHEMBL5741049
CHEMBL13529,COc1ccc(C[C@H]2NC(=O)/C=C/C[C@@H]([C@H](C)/C=C/c3ccccc3)OC(=O)[C@H](CC(C)C)OC(=O)[C@H](C)CNC2=O)cc1Cl,CHEMBL5741049
CHEMBL267072,COc1ccc(C[C@H]2NC(=O)/C=C/C[C@@H]([C@H](C)/C=C/c3ccccc3)OC(=O)[C@H](CC(C)C)OC(=O)[C@H](C)CNC2=O)cc1,CHEMBL5741049
CHEMBL273962,COc1ccc(C[C@H]2NC(=O)/C=C/C[C@@H](C(=O)/C=C/c3ccccc3)OC(=O)[C@H](CC(C)C)OC(=O)[C@H](C)CNC2=O)cc1Cl,CHEMBL5741049
CHEMBL13720,COc1ccc(C[C@H]2NC(=O)/C=C/C[C@@H](CC#Cc3ccccc3)OC(=O)[C@H](CC(C)C)OC(=O)[C@@H](C)CNC2=O)cc1,CHEMBL5741049
CHEMBL269698,CC(=O)OCC1=C(C(=O)OC(c2ccccc2)c2ccccc2)N2C(=O)[C@@H](Nc3nc4cc(C(F)(F)F)ccc4[nH]3)C2SC1,CHEMBL5741049
CHEMBL13610,COc1ccc(C[C@H]2NC(=O)/C=C/C[C@@H]([C@@H](C)/C=C/c3ccccc3)OC(=O)[C@H](CC(C)C)OC(=O)[C@H](C)CNC2=O)cc1,CHEMBL5741049
CHEMBL47,Cc1c(C)c2c(c(C)c1O)CC[C@@](C)(CCC[C@H](C)CCC[C@H](C)CCCC(C)C)O2,CHEMBL6146640
CHEMBL266820,Clc1ccc(CCCN2CCC(COC(c3ccccc3)c3ccccc3)CC2)cc1Cl,CHEMBL6146640
CHEMBL9288,Clc1ccccc1CCCN1CCC(COC(c2ccccc2)c2ccccc2)CC1,CHEMBL6146640
CHEMBL9224,COc1ccc(CCCN2CCC(=CCC(c3ccccc3)c3ccccc3)CC2)cc1,CHEMBL6146640
CHEMBL9685,COc1ccc(CCCN2CCC(COC(c3ccccc3)c3ccc(Cl)cc3)CC2)cc1,CHEMBL6146640
CHEMBL416700,COc1ccc(CCCN2CCC(CCC(c3ccccc3)c3ccccc3)CC2)cc1,CHEMBL6146640
CHEMBL9606,Clc1ccc(CCCN2CCC(COC(c3ccccc3)c3ccccc3)CC2)cc1,CHEMBL6146640
CHEMBL276614,CCCCC1=C(c2ccc(CCc3ccccc3)cc2)N2CCCN=C2c2ccccc21,CHEMBL6146640
CHEMBL10333,CCCCCCCC(NC(=O)c1cc(-c2ccccc2)nc2ccccc12)c1ccccc1,CHEMBL6146640
CHEMBL274163,CCCCCCc1c(-c2ccccc2)nc2ccccc2c1C(=O)NC(CC)c1ccccc1,CHEMBL6146640
CHEMBL415968,CCCCc1c(-c2ccccc2)nc2ccccc2c1C(=O)NC(CC)c1ccccc1,CHEMBL6146640
CHEMBL11283,CC/C(=C(\Cc1ccccc1)c1ccccc1)c1ccc(OCN2CCCCC2)cc1,CHEMBL6146640
CHEMBL11663,CC/C(=C(\Cc1ccccc1)c1ccc(OCN2CCCCC2)cc1)c1ccccc1,CHEMBL6146640
CHEMBL440089,CC/C(=C(/Cc1ccc(OCN2CCCCC2)cc1)c1ccccc1)c1ccccc1,CHEMBL6146640
CHEMBL11846,CC/C(Cc1ccccc1)=C(\c1ccccc1)c1ccc(OCN2CCCCC2)cc1,CHEMBL6146640
CHEMBL12098,Cc1cccc(C(=O)N2CCC(N3CCC(Cc4ccc(S(=O)(=O)c5cccc(Cl)c5)cc4)CC3)CC2)c1N,CHEMBL4857438
CHEMBL267314,CC(=O)OCC1=C(C(=O)OC(c2ccccc2)c2ccccc2)N2C(=O)[C@@H](Nc3nc4cc(F)ccc4[nH]3)C2SC1,CHEMBL4857438
CHEMBL13612,CC(=O)OCC1=C(C(=O)OC(c2ccccc2)c2ccccc2)N2C(=O)[C@@H](Nc3nc4cscc4[nH]3)C2SC1,CHEMBL4857438
CHEMBL275939,CC(=O)OCC1=C(C(=O)OC(c2ccccc2)c2ccccc2)N2C(=O)[C@@H](Nc3nc4cc(O)ccc4[nH]3)C2SC1,CHEMBL4857438
CHEMBL267787,CC(=O)OCC1=C(C(=O)OC(c2ccccc2)c2ccccc2)N2C(=O)[C@@H](Nc3nc4c(O)cccc4[nH]3)C2SC1,CHEMBL4857438
CHEMBL275137,CC(=O)OCC1=C(C(=O)OC(c2ccccc2)c2ccccc2)N2C(=O)[C@@H](Nc3nc4cc(C)ccc4[nH]3)C2SC1,CHEMBL4857438
CHEMBL268857,CC(=O)OCC1=C(C(=O)OC(c2ccccc2)c2ccccc2)N2C(=O)[C@@H](Nc3nc4c(C)cccc4[nH]3)C2SC1,CHEMBL4857438
CHEMBL273963,CC(=O)OCC1=C(C(=O)OC(c2ccccc2)c2ccccc2)N2C(=O)[C@@H](Nc3nc4c(N)cccc4[nH]3)C2SC1,CHEMBL4857438
CHEMBL268942,CC(=O)OCC1=C(C(=O)OC(c2ccccc2)c2ccccc2)N2C(=O)[C@@H](Nc3nc4ccccc4s3)C2SC1,CHEMBL4857438
CHEMBL274865,CC(C)(CC(=O)N[C@@H]1CCc2ccccc2N(Cc2ccc(-c3ccccc3-c3nn[nH]n3)cc2)C1=O)NC(=O)OC(C)(C)C,CHEMBL4857438
CHEMBL406995,CC(C)(C)OC(=O)c1ncn2c1CN(C(=O)N1CC(C3CC4(CC4)C3)NCC1C1CC3(CC3)C1)c1cc(Cl)ccc1-2,CHEMBL4857438
CHEMBL274465,CCCC(=O)O.CCN1[C@H](C)CN(C(=O)N2Cc3c(C(=O)OC(C)(C)C)ncn3-c3ccc(Cl)cc32)C[C@@H]1C,CHEMBL4857438
CHEMBL15366,COc1ccc(N(C(=O)CN2C(=O)C(NC(=O)Nc3ccccc3)[N+]([O-])=C(C3CCCCC3)c3ccccc32)C(C)C)cc1,CHEMBL4857438
CHEMBL277381,COc1ccc(N(C(=O)CN2C(=O)C(Cc3n[nH]c4ccccc34)[N+]([O-])=C(c3ccccc3)c3ccccc32)C(C)C)cc1,CHEMBL4857438
CHEMBL14902,COc1ccc(N(C(=O)CN2C(=O)C(Cc3n[nH]c4ccccc34)N=C(c3ccccc3)c3ccccc32)C(C)C)cc1,CHEMBL4857438
CHEMBL274222,COc1cc(Cc2c(-c3ccc(OCCN4CCCC4)cc3)sc3cc(NS(C)(=O)=O)ccc23)ccc1CN1CCCC1,CHEMBL6102885
CHEMBL263957,C=C(C)[C@@H]1CC[C@]2(C(=O)O)CC[C@]3(C)[C@H](CC[C@@H]4[C@@]5(C)CC[C@H](OC(=O)COCC(=O)O)C(C)(C)[C@@H]5CC[C@]43C)[C@@H]12,CHEMBL6102885
CHEMBL269279,CC(C)[C@@H]1CC[C@]2(C(=O)O)CC[C@]3(C)[C@H](CC[C@@H]4[C@@]5(C)CC[C@H](OC(=O)COCC(=O)O)C(C)(C)[C@@H]5CC[C@]43C)[C@@H]12,CHEMBL6102885
CHEMBL10004,O=C(Nc1ccc(OCCCCCCCn2cnnn2)cc1)c1c(O)nc2ccc(-c3cc4ccccc4s3)cc2c1O,CHEMBL6102885
CHEMBL10665,O=C(O)CCC/C=C\C[C@H]1[C@H](CNS(=O)(=O)c2ccc(Cl)cc2)C2CC1(c1ccc(-c3ccccc3)cc1)CO2,CHEMBL6102885
CHEMBL276439,O=C(O)CCCCC[C@H]1[C@H](CNS(=O)(=O)c2ccc(Cl)c(Cl)c2)C2CC1(c1ccc(-c3ccccc3)cc1)CO2,CHEMBL6102885
CHEMBL266389,O=C(O)CCC/C=C\C[C@H]1[C@H](CNS(=O)(=O)c2ccc(Cl)c(Cl)c2)C2CC1(c1ccc(-c3ccccc3)cc1)CO2,CHEMBL6102885
CHEMBL10628,COc1cc(NC(=O)COc2ccc(Cl)cc2)c(Cl)cc1C(=O)N1CCN(C(c2ccccc2)c2ccccc2)CC1,CHEMBL6102885
CHEMBL11025,O=C1c2cccc3c2c(cc2occc23)C(=O)N1CCNCCCNCCN1C(=O)c2cccc3c2c(cc2occc23)C1=O,CHEMBL6102885
CHEMBL273981,CC(C)C(NC(=O)Cn1c(-c2ccc(C(F)(F)F)cc2)ncc(NC(=O)OCc2ccccc2)c1=O)C(=O)C(F)(F)F,CHEMBL6102885
CHEMBL11494,CC(=O)Oc1ccc(C[C@H](NC(=O)C(CSC(C)=O)C(C)c2ccc(F)c(F)c2)C(=O)OCc2ccccc2)cc1,CHEMBL6102885
CHEMBL11590,CCCN(CCC)CCc1cc(Br)cc(Br)c1OCCc1ccccc1.O=C(O)C(=O)O,CHEMBL6102885
CHEMBL275545,CCCc1nc(CC)c(C(=O)NC)n1Cc1ccc(-c2ccccc2S(=O)(=O)Nc2onc(C)c2C)c(COC)c1,CHEMBL6102885
CHEMBL268706,CCCc1nc2c(n1Cc1ccc(-c3ccccc3S(=O)(=O)Nc3onc(C)c3C)c(COC)c1)C(=O)CCCC2,CHEMBL6102885
CHEMBL429037,CCCc1nc2c(n1Cc1ccc(-c3ccccc3S(=O)(=O)Nc3onc(C)c3C)c(COCC)c1)C(=O)CCCC2,CHEMBL6102885
CHEMBL9263,CC(=O)Nc1cccc(OP(=O)(Oc2cccc(NC(C)=O)c2)C2CCCN2C(=O)C2CCCN2)c1.Cl,CHEMBL4863339
CHEMBL268012,Cl.O=C(C1CCCN1)N1CCCC1P(=O)(OCC(Cl)(Cl)Cl)OCC(Cl)(Cl)Cl,CHEMBL4863339
CHEMBL9408,COC(=O)c1ccc(OP(=O)(Oc2ccc(C(=O)OC)cc2)C2CCCN2C(=O)C2CCCN2)cc1.Cl,CHEMBL4863339
CHEMBL10016,COc1cc2c(-c3ccc4c(c3)OCO4)c(C(=O)O)n(Cc3ccc4c(c3)OCO4)c2cc1OCc1ccccc1,CHEMBL4863339
CHEMBL10510,CCC1(O)C(=O)OCc2c1cc1n(c2=O)Cc2c-1nc1ccccc1c2CCN(C)C(=O)OCc1ccccc1,CHEMBL4863339
CHEMBL428675,CC[C@@]1(O)C(=O)OCc2c1cc1n(c2=O)Cc2cc3c(CN4CCC(N5CCCCC5)CC4)c(O)ccc3nc2-1,CHEMBL4863339
CHEMBL10679,CC1CC2C3CCC4=CC(=O)C=CC4(C)[C@@]3(Cl)C(Cl)CC2(C)[C@@]1(OC(=O)c1cccs1)C(=O)CO,CHEMBL4863339
CHEMBL276601,COc1ccc(C2(O)OC(=O)C(c3ccc4c(c3)OCO4)=C2Cc2cccc3c2CCc2ccccc2C3=O)cc1,CHEMBL4863339
CHEMBL273271,CC1(C)Oc2ccc(S(=O)(=O)N3CCCCC3)cc2[C@@H](N(Cc2ncc[nH]2)c2ccc(Cl)cc2)[C@@H]1O,CHEMBL4863339
CHEMBL11502,CC1(C)Oc2ccc(S(=O)(=O)N3CCCCC3)cc2[C@H](N(Cc2ncc[nH]2)c2ccc(Cl)cc2)[C@H]1O,CHEMBL4863339
CHEMBL416153,C[Si](C)(C)CCOC(=O)C1C2CC(=O)C(c3cc(O)ccc32)C1NC(=O)OCc1ccc(-c2ccccc2)cc1,CHEMBL4863339
CHEMBL12779,CCCc1nc2c(n1Cc1ccc(-c3ccccc3S(=O)(=O)Nc3onc(C)c3C)cc1)C(=O)CCCC2,CHEMBL4863339
CHEMBL12590,CCCc1nc2c(n1Cc1ccc(-c3ccccc3S(=O)(=O)Nc3onc(C)c3C)c(F)c1)C(=O)CCCC2,CHEMBL4863339
CHEMBL13734,CC1=C(C(=O)OC(c2ccccc2)c2ccccc2)N2C(=O)[C@@H](NC3=NC(c4ccc(C#N)cc4)CN3)C2SC1,CHEMBL4863339
CHEMBL13604,CS(=O)(=O)c1ccc(Cl)cc1C(=O)Nc1cccc(NC(=O)c2cc(Cl)ccc2S(C)(=O)=O)c1,CHEMBL4863339
CHEMBL441324,CC(C)(C)n1cc(C(=O)O)c(=O)c2cc(F)c(N3CCNC(c4ccccc4)C3)cc21.CS(=O)(=O)O,CHEMBL5892737
CHEMBL8213,O=S(=O)(c1cccc2cccnc12)N1Cc2ccccc2N(Cc2c[nH]cn2)C(CCc2ccccc2)C1,CHEMBL5892737
CHEMBL269156,O=S(=O)(c1cccc2nonc12)N1Cc2ccccc2N(Cc2c[nH]cn2)C(CCc2ccccc2)C1,CHEMBL5892737
CHEMBL266598,CC(C)Oc1cccc(-n2c(CCNC(=O)Nc3ccc(Br)cc3)nc3ccccc3c2=O)c1,CHEMBL5892737
CHEMBL8890,CC(C)Oc1cccc(-n2c(NNC(=O)Nc3cccc(C(=O)OC(C)(C)C)c3)nc3ccccc3c2=O)c1,CHEMBL5892737
CHEMBL9680,COC(=O)c1cc(NC(=O)Cn2cc(C3=C(c4c[nH]c5ccccc45)C(=O)NC3=O)c3ccccc32)cn1C,CHEMBL5892737
CHEMBL417246,O=C(O)c1c(-c2ccc3c(c2)OCO3)c2cc(OCc3ccccc3)ccc2n1Cc1ccc2c(c1)OCO2,CHEMBL5892737
CHEMBL10655,COc1ccc(-c2ccc(S(=O)(=O)NC(CC#Cc3cccc(N4CCOCC4)c3)C(=O)O)cc2)cc1,CHEMBL5892737
CHEMBL10792,COc1ccc(-c2ccc(S(=O)(=O)NC(CC#Cc3ccc(N4CCOCC4)cc3)C(=O)O)cc2)cc1,CHEMBL5892737
CHEMBL10566,CC1CC2C3CCC4=CC(=O)C=CC4(C)[C@@]3(Cl)C(Cl)CC2(C)[C@@]1(OC(=O)c1ccco1)C(=O)CO,CHEMBL5892737
CHEMBL10669,CC1CC2C3CCC4=CC(=O)C=CC4(C)[C@@]3(Cl)C(Cl)CC2(C)[C@@]1(OC(=O)c1ccoc1)C(=O)CO,CHEMBL5892737
CHEMBL11369,COc1ccc(C2(O)OC(=O)C(c3ccc4c(c3)OCO4)=C2Cc2cc(OC)c(OC)c(OC)c2)cc1C,CHEMBL5892737
CHEMBL273449,CC(C)C(NC(=O)Cn1c(-c2ccccc2)ncc(NC(=O)OCC(F)(F)F)c1=O)C(=O)C(F)(F)F,CHEMBL5892737
CHEMBL275455,CC(C)C(NC(=O)Cn1c(-c2cccs2)ncc(NC(=O)OCC(F)(F)F)c1=O)C(=O)C(F)(F)F,CHEMBL5892737
CHEMBL268487,Cc1ccc(S(=O)(=O)C2(CC#Cc3cc(C(F)(F)F)cc(C(F)(F)F)c3)SC(=O)NC2=O)cc1,CHEMBL5892737
CHEMBL12013,CCCc1nc2c(n1Cc1ccc(-c3ccccc3S(=O)(=O)Nc3onc(C)c3C)c(C)c1)C(=O)CCCC2,CHEMBL4859236
CHEMBL275692,CC(=O)OCC1=C(C(=O)OC(c2ccccc2)c2ccccc2)N2C(=O)[C@@H](Nc3nc4ccccc4[nH]3)C2SC1,CHEMBL4859236
CHEMBL273682,N[C@H](Cc1ccccc1)C(=O)N[C@@H]1CCc2ccccc2N(Cc2ccc(-c3ccccc3-c3nn[nH]n3)cc2)C1=O,CHEMBL4859236
CHEMBL273378,CC(=O)NC(C)(C)CC(=O)N[C@@H]1CCc2ccccc2N(Cc2ccc(-c3ccccc3-c3nn[nH]n3)cc2)C1=O,CHEMBL4859236
CHEMBL14252,O=C(NN1CCCCC1)c1cccc(Oc2nccc(-c3c(-c4ccc(F)cc4)ncn3C3CCNCC3)n2)c1,CHEMBL4859236
CHEMBL276014,O=C(Cc1cccc(Oc2nccc(-c3c(-c4ccc(F)cc4)ncn3C3CCNCC3)n2)c1)NN1CCCCC1,CHEMBL4859236
CHEMBL15749,COc1ccc(N(C(=O)CN2C(=O)C(NC(=O)Nc3ccccc3)N=C(C3CCCCC3)c3ccccc32)C(C)C)cc1,CHEMBL4859236
CHEMBL274720,COc1ccc(N(C(=O)CN2C(=O)C(NC(=O)c3cc4ccccc4[nH]3)N=C(C3CCCCC3)c3ccccc32)C(C)C)cc1,CHEMBL4859236
CHEMBL16309,O=c1c2c(oc(O)c1C(c1cccc(NS(=O)(=O)c3cccc(Br)c3)c1)C1CC1)CCCCCC2,CHEMBL4859236
CHEMBL430323,O=c1c2c(oc(O)c1C(c1cccc(NS(=O)(=O)c3ccc(Cl)c(Cl)c3)c1)C1CC1)CCCCCC2,CHEMBL4859236
CHEMBL16413,O=c1c2c(oc(O)c1C(c1cccc(NS(=O)(=O)c3cc(Cl)cc(Cl)c3)c1)C1CC1)CCCCCC2,CHEMBL4859236
CHEMBL16039,O=c1c2c(oc(O)c1C(c1cccc(NS(=O)(=O)c3ccc(OC(F)(F)F)cc3)c1)C1CC1)CCCCCC2,CHEMBL4859236
CHEMBL276349,O=c1c2c(oc(O)c1C(c1cccc(NS(=O)(=O)c3ccc(C(F)(F)F)cc3)c1)C1CC1)CCCCCC2,CHEMBL4859236
CHEMBL16627,O=c1c2c(oc(O)c1C(c1cccc(NS(=O)(=O)c3c(Cl)cccc3Cl)c1)C1CC1)CCCCCC2,CHEMBL4859236
CHEMBL277336,O=c1c2c(oc(O)c1C(c1cccc(NS(=O)(=O)c3cc(Cl)ccc3Cl)c1)C1CC1)CCCCCC2,CHEMBL4859236
CHEMBL10936,OC1(c2ccc(-c3ccc(C4(O)CN(CCBr)CCO4)cc3)cc2)CN(CCBr)CCO1,CHEMBL4876040
CHEMBL275337,COc1ccc(C[C@H]2NC(=O)/C=C/C[C@@H](C(=O)/C=C/c3ccccc3)OC(=O)[C@H](CC(C)C)OC(=O)[C@H](C)CNC2=O)cc1,CHEMBL4876040
CHEMBL274576,COc1ccc(C[C@H]2NC(=O)/C=C/C[C@@H](C(O)/C=C/c3ccccc3)OC(=O)[C@H](CC(C)C)OC(=O)CCNC2=O)cc1,CHEMBL4876040
CHEMBL13551,COc1ccc(C[C@H]2NC(=O)/C=C/C[C@@H]([C@@](C)(O)/C=C\c3ccccc3)OC(=O)[C@H](CC(C)C)OC(=O)CCNC2=O)cc1,CHEMBL4876040
CHEMBL276839,COc1ccc(C[C@H]2NC(=O)/C=C/C[C@@H]([C@](C)(O)/C=C\c3ccccc3)OC(=O)[C@H](CC(C)C)OC(=O)CCNC2=O)cc1,CHEMBL4876040
CHEMBL13774,COc1ccc(C[C@H]2NC(=O)/C=C/C[C@@H](C(O)/C=C/c3ccccc3)OC(=O)[C@H](CC(C)C)OC(=O)[C@H](C)CNC2=O)cc1,CHEMBL4876040
CHEMBL276155,COc1ccc(C[C@H]2NC(=O)/C=C/C[C@@H](C(=O)/C=C\c3ccccc3)OC(=O)[C@H](CC(C)C)OC(=O)CCNC2=O)cc1,CHEMBL4876040
CHEMBL276612,COc1ccc(C[C@H]2NC(=O)/C=C/C[C@@H](C(=O)/C=C/c3ccccc3)OC(=O)[C@H](CC(C)C)OC(=O)CCNC2=O)cc1,CHEMBL4876040
CHEMBL15140,CC1CN(C(=O)N2Cc3c(C(=O)OC(C)(C)C)ncn3-c3ccc(Cl)cc32)C(C)CN1.O=C(O)CC(=O)O,CHEMBL4876040
CHEMBL277545,COC(=O)[C@H](N)Cc1cc(I)c(OCCc2ccc(O)cc2)c(I)c1,CHEMBL4876040
CHEMBL16351,O=c1c2c(oc(O)c1C(c1cccc(NS(=O)(=O)c3ccc(I)cc3)c1)C1CC1)CCCCCC2,CHEMBL4876040
CHEMBL418361,CCN1CCN(C2=Nc3ccc(Br)cc3CC=C2c2ccc(Cl)cc2)CC1.O=C(O)/C=C/C(=O)O,CHEMBL4876040
CHEMBL18365,COc1ccc(-c2nc(S(=O)(=O)C(F)(F)C(F)I)[nH]c2-c2ccc(OC)cc2)cc1,CHEMBL4876040
CHEMBL279422,COc1ccc(-c2nc(S(=O)(=O)C(F)(F)C(Br)Br)[nH]c2-c2ccc(OC)cc2)cc1,CHEMBL4876040
CHEMBL603,COc1cc(C(=O)NS(=O)(=O)c2ccccc2C)ccc1Cc1cn(C)c2ccc(NC(=O)OC3CCCC3)cc12,CHEMBL4876040
CHEMBL15643,COc1ccc(N(C(=O)CN2C(=O)C(NC(=O)c3cc4ccccc4[nH]3)[N+]([O-])=C(C3CCCCC3)c3ccccc32)C(C)C)cc1,CHEMBL4858364
CHEMBL15632,C=CC[C@H](NC(=O)[C@@H]1CCc2c(Cl)nc(NCc3cccc(C(F)(F)F)c3)c(=O)n21)B1OC2CC3CC(C3(C)C)[C@@]2(C)O1,CHEMBL4858364
CHEMBL16644,O=c1c2c(oc(O)c1C(c1cccc(N(S(=O)(=O)c3ccccc3)S(=O)(=O)c3ccccc3)c1)C1CC1)CCCCCC2,CHEMBL4858364
CHEMBL17108,O=C(CCCN1CCN(C2=Nc3ccccc3CC=C2c2ccc(Cl)cc2)CC1)c1ccc(F)cc1.O=C(O)/C=C/C(=O)O,CHEMBL4858364
CHEMBL17976,C=C(C)[C@]12C[C@@H](C)[C@@]34O[C@](Cc5ccccc5)(O[C@@H]1[C@@H]3C=C(COC(=O)Cc1ccc(O)c(OC)c1)C[C@]1(O)C(=O)C(C)=C[C@@H]41)O2,CHEMBL4858364
CHEMBL279534,Cc1cn(C2C=CC(COP(=O)(OCC(Cl)(Cl)Cl)OCC(Cl)(Cl)Cl)O2)c(=O)[nH]c1=O,CHEMBL4858364
CHEMBL279645,C[C@@H]1CC[C@]2(C(=O)OC3CCCCO3)CC[C@]3(C)C(=CCC4[C@@]5(C)C[C@@H](O)[C@H](O)[C@@](C)(CO)C5CC[C@]43C)C2[C@H]1C,CHEMBL4858364
CHEMBL278098,COC(=O)[C@]1(C)Nc2c(OC(=O)N(C)C)cc3c(c2C1=O)[C@H](CBr)CN3C(=O)c1cc2cc(OC)ccc2o1,CHEMBL4858364
CHEMBL20095,COC(=O)[C@]1(C)Nc2c(OC(=O)N(C)C)cc3c(c2C1=O)[C@H](CBr)CN3C(=O)/C=C/c1ccc(OC)cc1,CHEMBL4858364
CHEMBL281361,CC1(C)C2CC[C@@]1(CS(=O)(=O)N1CCC3(CCc4ccccc43)CC1)[C@@H](N1C(=O)C[C@H](NCc3ccccc3)C1=O)C2,CHEMBL4858364
CHEMBL279022,CC1(C)C2CC[C@@]1(CS(=O)(=O)N1CCC3(CCc4ccccc43)CC1)[C@@H](N1C(=O)C[C@@H](NCc3ccccc3)C1=O)C2,CHEMBL4858364
CHEMBL20217,O=C(Cn1c(C2CCNCC2)nc2cc(Cl)c(Cl)cc21)N/N=C/c1c[nH]c2ccc(OCc3ccccc3)cc12,CHEMBL4858364
CHEMBL20070,COC(=O)[C@]1(C)Nc2c(O)cc3c(c2C1=O)[C@H](CBr)CN3C(=O)c1cc2cc(OC)c(OC)c(OC)c2[nH]1,CHEMBL4858364
CHEMBL19964,CNc1ccc(/C=C/C(=O)N2C[C@@H](CBr)c3c2cc(OC(=O)N(C)C)c2c3C(=O)[C@](C)(C(=O)OC)N2)cc1,CHEMBL4858364
CHEMBL279091,Cc1cc(C(=O)Nc2ccc(-c3ccccc3S(N)(=O)=O)cc2F)n(-c2cc3ccccc3cc2S(C)(=O)=O)n1,CHEMBL4858364
CHEMBL13830,O=C(NN1CCNCC1)c1cccc(Oc2nccc(-c3c(-c4ccc(F)cc4)ncn3C3CCNCC3)n2)c1,CHEMBL5804582
CHEMBL18603,CC(C)(C)NC(=O)[C@@H]1C[C@@H]2CCCC[C@@H]2CN1C[C@@H](O)[C@H](Cc1ccccc1)NC(=O)O[C@@H]1CCCS(=O)(=O)C1,CHEMBL5804582
CHEMBL18086,CC(C)(C)NC(=O)[C@@H]1C[C@@H]2CCCC[C@@H]2CN1C[C@@H](O)[C@H](Cc1ccccc1)NC(=O)O[C@H]1CCCS(=O)(=O)C1,CHEMBL5804582
CHEMBL18667,CC#CCOc1ccc(S(=O)(=O)N(C)c2c(C(=O)NO)cc(Br)cc2C2CCN(C)CC2)cc1,CHEMBL5804582
CHEMBL19278,CC#CCOc1ccc(S(=O)(=O)N(C)c2c(C(=O)NO)cc(-c3ccccc3)cc2C2CCN(C)CC2)cc1,CHEMBL5804582
CHEMBL19917,O=c1c2ccccc2c2ccccc2n1CC#Cc1cc2c(s1)-n1c(CO)nnc1CN=C2c1ccccc1Cl,CHEMBL5804582
CHEMBL282495,Cc1nnc2n1-c1sc(C#CCn3c(=O)c4ccccc4c4ccccc43)cc1C(c1ccccc1Cl)=NC2O,CHEMBL5804582
CHEMBL279476,Cc1nnc2n1-c1sc(C#CCn3c(=O)c4ccccc4c4ccccc43)cc1C(c1ccccc1Cl)NC2=O,CHEMBL5804582
CHEMBL20862,COC(=O)[C@@H]1C(/C=N/c2cc(C)c(C)cc2N)=Cc2cc3c(cc2C1c1cc(OC)c(OC)c(OC)c1)OCO3,CHEMBL5804582
CHEMBL439912,COC(=O)[C@]1(C)Nc2c(OC(=O)N(C)C)cc3c(c2C1=O)[C@H](CBr)CN3C(=O)COc1ccc(OC)cc1,CHEMBL5804582
CHEMBL20829,O=C1c2cc(Cl)c([N+](=O)[O-])cc2C(=O)N1CCCCCn1c(C2CCNCC2)nc2cc(Cl)c(Cl)cc21,CHEMBL5804582
CHEMBL278716,COCC1=C(C(=O)OC)[C@H](c2ccc(F)c(F)c2)N(C(=O)N[C@H]2CC[C@H](N3CCN(c4ccccc4C#N)CC3)C2)C(=O)N1,CHEMBL5804582
CHEMBL278842,Cc1cc(C(=O)Nc2ncc(-c3ccccc3S(N)(=O)=O)cn2)n(-c2cc3ccccc3cc2S(C)(=O)=O)n1,CHEMBL5804582
CHEMBL283585,Cc1cc(C(=O)Nc2ccc(-c3ccccc3S(N)(=O)=O)cn2)n(-c2cc3ccccc3cc2S(C)(=O)=O)n1,CHEMBL5804582
CHEMBL20766,Cc1cc(C(=O)Nc2ccc(-c3ccccc3CN(C)C)cc2F)n(-c2cc3ccccc3cc2S(C)(=O)=O)n1,CHEMBL5804582
CHEMBL415975,CC(C)Sc1ccc(CC2CCN(C3CCN(C(=O)c4ccc(S(N)(=O)=O)cc4)CC3)CC2)cc1,CHEMBL5905084
CHEMBL440457,CN/C(S)=N/S(=O)(=O)c1cc(CCNC(=O)c2cc(Cl)ccc2OC)ccc1-c1cccnc1,CHEMBL5905084
CHEMBL12390,CN/C(S)=N/S(=O)(=O)c1cc(CCNC(=O)c2cc(Cl)ccc2OC)ccc1-c1ccccn1,CHEMBL5905084
CHEMBL12474,CN/C(S)=N/S(=O)(=O)c1cc(CCNC(=O)c2cc(Cl)ccc2OC)ccc1OC(F)(F)F,CHEMBL5905084
CHEMBL12346,COc1cc2cc(CO)c(CO)c(-c3ccnc(-n4c(=O)c5ccccc5c5ccccc54)c3)c2cc1OC,CHEMBL5905084
CHEMBL12491,OC1(c2ccc(Cl)cc2)CCN(CCCn2c3c(c4ccccc42)CCN(CCc2ccccn2)C3)CC1,CHEMBL5905084
CHEMBL13353,CCCCS/C=C1\C(=O)O[C@H](COC)[C@@]2(C)C1=C(O)C(=O)C1=C2[C@H](OC(C)=O)C[C@]2(C)C(=O)CC[C@@H]12,CHEMBL5905084
CHEMBL276686,CC1=C(C(=O)OC(c2ccccc2)c2ccccc2)N2C(=O)[C@@H](NC3=NC(c4ccccc4)CN3)C2SC1,CHEMBL5905084
CHEMBL268004,CCCSC1=NS(=O)(=O)c2ccc(C(=O)O)cc2N1Cc1ccc(-c2ccccc2-c2nn[nH]n2)cc1,CHEMBL5905084
CHEMBL14247,CC(C)(N)CCC(=O)N[C@@H]1CCc2ccccc2N(Cc2ccc(-c3ccccc3-c3nn[nH]n3)cc2)C1=O,CHEMBL5905084
CHEMBL14400,COc1oc(=O)c2cc(NC(=O)C(Cc3ccccc3)NS(=O)(=O)c3ccc(C)cc3)ccc2c1Cl,CHEMBL5905084
CHEMBL13842,CC1(c2ccccc2)c2cc(C(=O)O)sc2C(=O)c2c1c1ccccc1n2Cc1ccc(OCC(=O)O)cc1,CHEMBL5905084
CHEMBL278913,CC1(c2ccc(OCC(=O)O)cc2)c2cc(C(=O)O)sc2C(=O)c2c1c1ccccc1n2Cc1ccccc1,CHEMBL5905084
CHEMBL273546,CC1(c2cccc(CC(=O)O)c2)c2cc(C(=O)O)sc2C(=O)c2c1c1ccccc1n2Cc1ccccc1,CHEMBL5905084
CHEMBL415983,CCCCc1nc2ccc(C(O)C(C)(C)C)cc2c(=O)n1Cc1ccc(-c2ccccc2-c2nn[nH]n2)cc1,CHEMBL5905084
CHEMBL266373,CC[C@H]1OC(=O)CC(O)[C@H](C)[C@@H](O[C@@H]2O[C@H](C)C[C@H](N(C)C)[C@H]2O)[C@@H](CCN(CC)CC)C[C@@H](C)C(=O)/C=C/C(C)=C/[C@@H]1C,CHEMBL5776467
CHEMBL8838,CC[C@H]1OC(=O)CC(O)[C@H](C)[C@@H](O[C@@H]2O[C@H](C)C[C@H](N(C)C)[C@H]2O)[C@@H](CCN(C)CCO)C[C@@H](C)C(=O)/C=C/C(C)=C/[C@@H]1C,CHEMBL5776467
CHEMBL274801,CC[C@H]1OC(=O)CC(O)[C@H](C)[C@@H](O[C@@H]2O[C@H](C)C[C@H](N(C)C)[C@H]2O)[C@@H](CCN2CC(O)C2)C[C@@H](C)C(=O)/C=C/C(C)=C/[C@@H]1C,CHEMBL5776467
CHEMBL269087,CC[C@H]1OC(=O)CC(O)[C@H](C)[C@@H](O[C@@H]2O[C@H](C)C[C@H](N(C)C)[C@H]2O)[C@@H](CCN(C)C)C[C@@H](C)C(=O)/C=C/[C@]2(C)O[C@H]2[C@@H]1C,CHEMBL5776467
CHEMBL10492,COc1ccc(-c2ccc(S(=O)(=O)NC(CC#CCN3CCN(C(=O)OC(C)(C)C)CC3)C(=O)O)cc2)cc1,CHEMBL5776467
CHEMBL11099,CC(C)C(NC(=O)Cn1c(-c2ccc(F)cc2)ncc(NS(=O)(=O)C2CCCCC2)c1=O)B1OC(C)(C)C(C)(C)O1,CHEMBL5776467
CHEMBL442524,Cc1cncc(C)c1COC(=O)Nc1cnc(-c2ccc(F)cc2)n(CC(=O)NC(B2OC(C)(C)C(C)(C)O2)C(C)C)c1=O,CHEMBL5776467
CHEMBL275558,CC(C)C(NC(=O)Cn1c(-c2cc(F)cc(F)c2)ncc(NC(=O)OCc2ccccc2)c1=O)C(=O)C(F)(F)F,CHEMBL5776467
CHEMBL274123,CC(C)C(NC(=O)Cn1c(-c2ccc(F)cc2)ncc(NS(=O)(=O)C2CCCCC2)c1=O)C(=O)C(F)(F)F,CHEMBL5776467
CHEMBL11246,CC(C)C(NC(=O)Cn1c(-c2ccc(Cl)cc2)ncc(NC(=O)OCc2ccccc2)c1=O)C(=O)C(F)(F)F,CHEMBL5776467
CHEMBL11528,CCCc1nc2c(n1Cc1ccc(-c3ccccc3S(=O)(=O)Nc3onc(C)c3C)c(CO)c1)C(=O)CCCC2,CHEMBL5776467
CHEMBL13156,Cn1nnnc1SCC1=C(C(=O)OC(c2ccccc2)c2ccccc2)N2C(=O)[C@@H](Nc3nc4ccccc4[nH]3)C2SC1,CHEMBL5776467
CHEMBL273833,Cn1nnnc1SCC1=C(C(=O)OC(c2ccccc2)c2ccccc2)N2C(=O)[C@@H](Nc3nc4cc(O)ccc4[nH]3)C2SC1,CHEMBL5776467
CHEMBL12924,COc1ccc(C[C@H]2NC(=O)/C=C/C[C@@H](C(O)CCc3ccccc3)OC(=O)[C@H](CC(C)C)OC(=O)[C@H](C)CNC2=O)cc1,CHEMBL5776467
CHEMBL266678,COc1ccc(C[C@H]2NC(=O)/C=C/C[C@@H]([C@@](C)(O)C#Cc3ccccc3)OC(=O)[C@H](CC(C)C)OC(=O)CCNC2=O)cc1,CHEMBL5776467
CHEMBL276700,CC12CC[C@](C)(C(=O)O)CC1C1=CC(=O)[C@@H]3C4(C)CCC(OC(=O)CCC(=O)O)C(C)(C)[C@@H]4CCC3(C)[C@]1(C)CC2,CHEMBL4857719
CHEMBL16328,O=c1c2c(oc(O)c1C(c1cccc(NS(=O)(=O)c3ccc(Br)cc3)c1)C1CC1)CCCCCC2,CHEMBL4857719
CHEMBL277172,C=C(C)[C@@H]1CC[C@]2(C(=O)N[C@@H](CCC(=O)OC)C(=O)OC)CC[C@]3(C)[C@H](CC[C@@H]4[C@@]5(C)CC[C@H](O)C(C)(C)[C@@H]5CC[C@]43C)[C@@H]12,CHEMBL4857719
CHEMBL18968,C=C(C)[C@@H]1CC[C@]2(C(=O)N[C@@H](CC(=O)OC)C(=O)OC)CC[C@]3(C)[C@H](CC[C@@H]4[C@@]5(C)CC[C@H](O)C(C)(C)[C@@H]5CC[C@]43C)[C@@H]12,CHEMBL4857719
CHEMBL20604,Cc1cc(C(=O)Nc2ccc(-c3ccccc3S(C)(=O)=O)cc2F)n(-c2cc3ccccc3cc2S(C)(=O)=O)n1,CHEMBL4857719
CHEMBL21489,Cn1c(-c2ccc(Cl)cc2)c(CCC(=O)N2CCC(O)(Cc3ccccc3)CC2)c2cc(N3CCOCC3)ccc21,CHEMBL4857719
CHEMBL20683,CC(C)CC(NC(=O)OC(C)(C)C)C(=O)N1CC(CC2N=C(c3ccccc3)c3ccccc3NC2=O)c2ccccc21,CHEMBL4857719
CHEMBL20516,CSc1ccc2c(c1Cl)CN(S(=O)(=O)NS(=O)(=O)N1CCc3ccc(SC)c(Cl)c3C1)CC2,CHEMBL4857719
CHEMBL442336,Cn1cc(NC(=O)c2sc3ccccc3c2Cl)cc1-c1nc2cc(C(=O)NCCN3CCOCC3)ccc2[nH]1,CHEMBL4857719
CHEMBL281146,C=C(CC[C@H]1O[C@@H](C(C)(C)O)CC[C@]1(C)O)[C@H]1CC[C@H]2O[C@@H]([C@]3(C)CC[C@@H](Br)C(C)(C)O3)CC[C@]2(C)O1,CHEMBL4857719
CHEMBL280676,C=C(CC[C@H](O)[C@@]1(C)CC[C@H](C(C)(C)O)O1)[C@H]1CC[C@H]2O[C@@H]([C@]3(C)CC[C@@H](Br)C(C)(C)O3)CC[C@@]2(C)O1,CHEMBL4857719
CHEMBL277197,C/C(=C/C[C@@H](O)[C@]1(C)CC[C@H](C(C)(C)O)O1)[C@H]1CC[C@H]2O[C@@H]([C@]3(C)CC[C@@H](Br)C(C)(C)O3)CC[C@]2(C)O1,CHEMBL4857719
CHEMBL23600,C=C(CC[C@H](O)[C@@]1(C)CC[C@H](C(C)(C)O)O1)[C@H]1CC[C@H]2O[C@@H]([C@]3(C)CC[C@@H](Br)C(C)(C)O3)CC[C@]2(C)O1,CHEMBL4857719
CHEMBL23801,C/C(=C\C[C@H](O)[C@@]1(C)CC[C@H](C(C)(C)O)O1)[C@H]1CC[C@H]2O[C@@H]([C@]3(C)CC[C@@H](Br)C(C)(C)O3)CC[C@@]2(C)O1,CHEMBL4857719
CHEMBL23834,C=C(CC[C@@H](O)[C@]1(C)CC[C@H](C(C)(C)O)O1)[C@H]1CC[C@H]2O[C@@H]([C@]3(C)CC[C@@H](Br)C(C)(C)O3)CC[C@]2(C)O1,CHEMBL4857719
CHEMBL20561,Cc1cc(C(=O)Nc2ccc(-n3ccnc3CN(C)C)cc2F)n(-c2cc3ccccc3cc2S(C)(=O)=O)n1,CHEMBL5856093
CHEMBL21593,COc1ccc(S(=O)(=O)N(Cc2ccc3c(c2)OCO3)[C@@H](C(=O)O)C2CCN(C(=O)OC(C)(C)C)CC2)cc1,CHEMBL5856093
CHEMBL21909,COc1ccccc1N1CCN(C(=O)CCc2c(-c3ccc(Cl)cc3)n(CCO)c3ccc(Cl)cc23)CC1,CHEMBL5856093
CHEMBL22033,COc1cc(C(=O)NS(=O)(=O)c2ccccc2)ccc1Cn1ncc2ccc(NC(=O)OC3CCCC3)cc21,CHEMBL5856093
CHEMBL25325,Cc1ccc(-c2cc(Nc3cc(CN4CCN(C)CC4)c(O)c(CN4CCN(C)CC4)c3)c3ccccc3n2)cc1,CHEMBL5856093
CHEMBL282439,CN1CCN(Cc2cc(Nc3cc(-c4ccc(F)cc4)nc4ccccc34)cc(CN3CCN(C)CC3)c2O)CC1,CHEMBL5856093
CHEMBL282280,COc1ccc2c(c1)c(CC(=O)N[C@@H](Cc1c[nH]c3ccccc13)C(=O)O)c(C)n2C(=O)c1ccc(Cl)cc1,CHEMBL5856093
CHEMBL281184,Cn1cc(NC(=O)c2cc3cc4c(cc3s2)OCO4)cc1-c1nc2cc(C(=O)NCCN3CCOCC3)ccc2[nH]1,CHEMBL5856093
CHEMBL18962,C=C([C@@H](O)C[C@H](O)[C@@]1(C)CC[C@H](C(C)(C)O)O1)[C@H]1CC[C@H]2O[C@@H]([C@]3(C)CC[C@@H](Br)C(C)(C)O3)CC[C@]2(C)O1,CHEMBL5856093
CHEMBL23161,C=C([C@H](O)C[C@H](O)[C@@]1(C)CC[C@H](C(C)(C)O)O1)[C@H]1CC[C@H]2O[C@@H]([C@]3(C)CC[C@@H](Br)C(C)(C)O3)CC[C@]2(C)O1,CHEMBL5856093
CHEMBL423837,C=C(CC[C@H](O)[C@@]1(C)CC[C@H](C(C)(C)O)O1)[C@H]1CC[C@H]2O[C@]3(C)CC[C@@H](Br)C(C)(C)O[C@H]3CC[C@]2(C)O1,CHEMBL5856093
CHEMBL283122,CCCOc1ccc(S(=O)(=O)N2CCN(C)CC2)cc1-c1nc(O)c2cc3c(cc2n1)ncn3Cc1ccccc1,CHEMBL5856093
CHEMBL22713,CC1(C)C2CCC1(CS(=O)(=O)N1CCC3(CCc4ccccc43)CC1)C(NC(=O)C1CCCN(CCO)C1)C2,CHEMBL5856093
CHEMBL22513,CCOc1cc(C)ccc1S(=O)(=O)NC(=O)C(c1ccc2c(c1)OCO2)c1cn(C)c2cc(C(N)=O)ccc12,CHEMBL5856093
CHEMBL276982,Cn1cc(C(C(=O)NS(=O)(=O)c2ccc(C(F)(F)F)cc2)c2ccc3c(c2)OCO3)c2ccc(C(N)=O)cc21,CHEMBL5856093
CHEMBL268149,COC(=O)OC1CCC2(C)C(CCC3C2CCC2(C)[C@@H](C4=CC(=O)OC4)C(OC(=O)OC)CC32O)C1,CHEMBL5948638
CHEMBL268453,C#CCN(Cc1cc2c(O)nc(C)nc2cc1C)c1ccc(C(=O)NCc2cccc([N+](=O)[O-])c2)c(F)c1,CHEMBL5948638
CHEMBL6506,CN(C)c1cccc2c(S(=O)(=O)Nc3ncc(Br)nc3OCc3ccccc3)cccc12,CHEMBL5948638
CHEMBL6571,CCN(CCOc1ccc(/C=C2\SC(=O)NC2=O)cc1)CC1(C)CCc2c(C)c(O)c(C)c(C)c2O1,CHEMBL5948638
CHEMBL268915,CC(=O)OCC1=C[C@H]2[C@@H]3C(C)(C)[C@]3(OC(=O)Cc3ccccc3)C[C@@H](C)[C@]2(O)C2C=C(C)C(=O)[C@@]2(O)C1,CHEMBL5948638
CHEMBL7060,COc1ccc2c(c1OC(C)=O)-c1cc(O)cc3c1C(C2)N(C(=O)CN(CCCl)CCCl)CC3,CHEMBL5948638
CHEMBL7285,C/C(=C\Cn1oc(=O)[nH]c1=O)c1ccc2oc(Cc3nc(-c4ccc(C(F)(F)F)cc4)oc3C)cc2c1,CHEMBL5948638
CHEMBL7562,Cc1cc(-c2c(F)cc3c(=O)c(Cc4ccccc4NS(C)(=O)=O)cn(C4CC4)c3c2F)cc(C)n1,CHEMBL5948638
CHEMBL266557,CCOC(=O)c1cccc(NC(=O)NNc2nc3ccccc3c(=O)n2-c2ccc(Cl)c(Cl)c2)c1,CHEMBL5948638
CHEMBL8981,COc1ccc(C2(O)OC(=O)C(c3ccc4c(c3)OCO4)=C2Cc2cc(OC)c(OC)c(OC)c2)cc1,CHEMBL5948638
CHEMBL273693,CC(C)Oc1cccc(-n2c(CNC(=O)Nc3ccc(Br)cc3)nc3ccccc3c2=O)c1,CHEMBL5948638
CHEMBL262569,CCOC(=O)c1cccc(NC(=O)NNc2nc3ccccc3c(=O)n2-c2cccc(Cl)c2Cl)c1,CHEMBL5948638
CHEMBL9422,CC(C)Oc1cccc(-n2c(NNC(=O)Nc3ccc(Br)cc3)nc3ccccc3c2=O)c1,CHEMBL5948638
CHEMBL9610,O=C(Nc1ccc(C[C@H](/N=c2/c(N3CCCCC3)c(O)c2=O)C(=O)O)cc1)c1c(Cl)cncc1Cl,CHEMBL5948638
CHEMBL427808,CCCCc1cn(-c2ccccc2C(C)(C)C)c(=O)n1Cc1ccc(-c2ccccc2-c2nn[nH]n2)nc1,CHEMBL5948638
CHEMBL8025,N#CN/C(=N\C(Cn1ccnc1)c1cc(C(F)(F)F)ccc1C(F)(F)F)Nc1ccc(Cl)cc1Cl,CHEMBL5187854
CHEMBL8003,O=S(=O)(c1cc(Cl)ccc1Cl)N1Cc2ccccc2N(Cc2c[nH]cn2)C(CCc2ccccc2)C1,CHEMBL5187854
CHEMBL9875,C[C@H](CCC(N)=[N+](C)C)C1CC[C@@]2(C)C3=C(CC[C@]12C)[C@@]1(C)CC[C@H](O)C(C)(C)C1CC3.O=S(=O)([O-])C(F)(F)F,CHEMBL5187854
CHEMBL9964,CCSc1ccnc(C[S+]([O-])c2nc3ccccc3n2C(=O)OC(C)(C)C(Cl)(Cl)Cl)c1C,CHEMBL5187854
CHEMBL10059,C[C@@H]1CC[C@H]2[C@@H](C)C(CC(=O)CC3OC4O[C@]5(C)CC[C@H]6[C@H](C)CC[C@@H]([C@H]3C)C46OO5)OC3O[C@]4(C)CCC1C32OO4,CHEMBL5187854
CHEMBL10472,CC1CC2C3CCC4=CC(=O)C=CC4(C)[C@@]3(Cl)C(Cl)CC2(C)[C@@]1(OC(=O)c1ccoc1)C(=O)CCl,CHEMBL5187854
CHEMBL276148,CC1CC2C3C[C@H](F)C4=CC(=O)C=CC4(C)[C@@]3(Cl)C(Cl)CC2(C)[C@@]1(OC(=O)c1ccco1)C(=O)CCl,CHEMBL5187854
CHEMBL10950,CC(=O)OCC(=O)[C@@]1(OC(=O)c2ccco2)C(C)CC2C3C[C@H](F)C4=CC(=O)C=CC4(C)[C@@]3(Cl)C(Cl)CC21C,CHEMBL5187854
CHEMBL10461,CC(=O)OCC(=O)[C@@]1(OC(=O)c2cccs2)C(C)CC2C3CCC4=CC(=O)C=CC4(C)[C@@]3(Cl)C(Cl)CC21C,CHEMBL5187854
CHEMBL10617,CC(=O)OCC(=O)[C@@]1(OC(=O)c2ccoc2)C(C)CC2C3CCC4=CC(=O)C=CC4(C)[C@@]3(Cl)C(Cl)CC21C,CHEMBL5187854
CHEMBL274880,CCCC(=O)OCC(=O)[C@@]1(OC(=O)c2ccco2)C(C)CC2C3CCC4=CC(=O)C=CC4(C)[C@@]3(Cl)C(Cl)CC21C,CHEMBL5187854
CHEMBL274646,CC(=O)OCC(=O)[C@@]1(OC(=O)c2ccsc2)C(C)CC2C3CCC4=CC(=O)C=CC4(C)[C@@]3(Cl)C(Cl)CC21C,CHEMBL5187854
CHEMBL269388,COCC(=O)OCC(=O)[C@@]1(OC(=O)c2ccco2)C(C)CC2C3CCC4=CC(=O)C=CC4(C)[C@@]3(Cl)C(Cl)CC21C,CHEMBL5187854
CHEMBL416883,CCC(=O)OCC(=O)[C@@]1(OC(=O)c2ccco2)C(C)CC2C3CCC4=CC(=O)C=CC4(C)[C@@]3(Cl)C(Cl)CC21C,CHEMBL5187854
CHEMBL10889,CC(=O)OCC(=O)[C@@]1(OC(=O)c2cccn2C)C(C)CC2C3CCC4=CC(=O)C=CC4(C)[C@@]3(Cl)C(Cl)CC21C,CHEMBL5187854
CHEMBL435566,CC(C)(C)OC(=O)N1CCCC(C(=O)NC2CC3CCC2(CS(=O)(=O)N2CCC4(CCc5ccccc54)CC2)C3(C)C)C1,CHEMBL4867851
CHEMBL280678,C[C@@H](O)CN1CCC[C@@H](C(=O)NC2CC3CCC2(CS(=O)(=O)N2CCC4(CCc5ccccc54)CC2)C3(C)C)C1,CHEMBL4867851
CHEMBL278607,CCOc1c(Br)cc(Br)cc1CN[C@H]1CCC[C@@H]1CNc1cc(O)c2ccccc2n1,CHEMBL4867851
CHEMBL281121,COC(=O)c1ccc2c(C(C(=O)NS(=O)(=O)c3ccc(C(C)C)cc3)c3ccc4c(c3)OCO4)cn(C)c2c1,CHEMBL4867851
CHEMBL281378,CC(C)c1ccc(S(=O)(=O)NC(=O)C(c2ccc3c(c2)OCO3)c2cn(C)c3cc(-c4nn[nH]n4)ccc23)cc1,CHEMBL4867851
CHEMBL23833,CCn1cc(C(C(=O)NS(=O)(=O)c2ccc(C(C)C)cc2)c2ccc3c(c2)OCO3)c2ccc(C(=O)O)cc21,CHEMBL4867851
CHEMBL23444,CCn1cc(C(C(=O)NS(=O)(=O)c2ccc(C(C)C)cc2)c2ccc3c(c2)OCO3)c2ccc(C(=O)N(C)C)cc21,CHEMBL4867851
CHEMBL433221,CCn1cc(C(C(=O)NS(=O)(=O)c2ccc(C(C)C)cc2)c2ccc3c(c2)OCO3)c2ccc(C(=O)NC)cc21,CHEMBL4867851
CHEMBL23418,CCn1cc(C(C(=O)NS(=O)(=O)c2ccc(C(C)C)cc2)c2ccc3c(c2)OCO3)c2ccc(C(=O)OC)cc21,CHEMBL4867851
CHEMBL287374,COc1ccc(-c2nc3cc(C4=NN(Cc5ccc(-c6ccccc6-c6nn[nH]n6)cc5)C(=O)CC4C)ccc3[nH]2)cc1,CHEMBL4867851
CHEMBL286552,Cc1cc(=O)n(CC(=O)N(C)C)nc1-c1ccc2nc(C3CC3)n(Cc3ccc(-c4ccccc4-c4nn[nH]n4)cc3)c2c1,CHEMBL4867851
CHEMBL432847,CN(C)C(=O)CN1N=C(c2ccc3nc(C4CC4)n(Cc4ccc(-c5ccccc5-c5nn[nH]n5)cc4)c3c2)C(C)(C)CC1=O,CHEMBL4867851
CHEMBL284140,CCc1nc2ccc(C3=NN(CC(=O)N(C)C)C(=O)CC3)cc2n1Cc1ccc(-c2ccccc2-c2nn[nH]n2)cc1,CHEMBL4867851
CHEMBL284546,COc1ccc(-c2nc3cc(C4=NNC(=O)CC4C)ccc3n2Cc2ccc(-c3ccccc3-c3nn[nH]n3)cc2)cc1,CHEMBL4867851
CHEMBL432271,CC1CC(=O)N(CC(=O)N(C)C)N=C1c1ccc2nc(C3CC3)n(Cc3ccc(-c4ccccc4-c4nn[nH]n4)cc3)c2c1,CHEMBL4867851
CHEMBL24319,CN(C)C(=O)CN1N=C(c2ccc3nc(C4CC4)n(Cc4ccc(-c5ccccc5-c5nn[nH]n5)cc4)c3c2)CCC1=O,CHEMBL4874297
CHEMBL284704,COC(=O)CN1N=C(c2ccc3nc(C4CC4)n(Cc4ccc(-c5ccccc5-c5nn[nH]n5)cc4)c3c2)C(C)CC1=O,CHEMBL4874297
CHEMBL25192,COC(=O)c1c(C(=O)N2CCN(CCO)CC2)cc2cc(OC)ccc2c1-c1cc(Br)c(OC)c(OC)c1,CHEMBL4874297
CHEMBL26441,COC(=O)c1c(C(=O)N2CCN(CCO)CC2)cc2ccc(Cl)cc2c1-c1cc(Br)c(OC)c(OC)c1,CHEMBL4874297
CHEMBL24752,COC(=O)c1c(C(=O)N2CCN(CCO)CC2)cc2c(Cl)cccc2c1-c1cc(Br)c(OC)c(OC)c1,CHEMBL4874297
CHEMBL286260,CCCCc1nc2ccc(I)cc2c(=O)n1Cc1ccc(-c2ccccc2-c2nn[nH]n2)cc1,CHEMBL4874297
CHEMBL24321,COC(=O)c1c(C(=O)N2CCN(CCO)CC2)cc2ccc(C)cc2c1-c1cc(Br)c(OC)c(OC)c1,CHEMBL4874297
CHEMBL284455,Nc1ccc2nc(-c3ccc(-c4ccccc4C(=O)O)cc3)n(Cc3ccc(-c4ccccc4-c4nn[nH]n4)cc3)c(=O)c2c1,CHEMBL4874297
CHEMBL284469,O=C(O)c1ccccc1-c1ccc(-c2nc3ccc([N+](=O)[O-])cc3c(=O)n2Cc2ccc(-c3ccccc3-c3nn[nH]n3)cc2)cc1,CHEMBL4874297
CHEMBL280668,O=C(N[C@H]1CSCCN(Cc2cc(C(F)(F)F)cc(C(F)(F)F)c2)C1=O)c1ccc(OP(=O)(O)O)cc1,CHEMBL4874297
CHEMBL286026,CC(=O)NC1N=C(c2ccccc2)c2ccccc2N(CC(=O)NCc2nc(-c3ccc(Cl)c(Cl)c3)cs2)C1=O,CHEMBL4874297
CHEMBL284764,O=C(O)c1ccccc1-c1ccc(-c2nc3ccccc3c(=O)n2Cc2ccc(-c3ccccc3-c3nn[nH]n3)cc2)cc1,CHEMBL4874297
CHEMBL25532,CC(=O)OC[C@@]1(C)C2C[C@H](OC(C)=O)[C@@]3(C)Oc4cc(-c5cccnc5)oc(=O)c4[C@H](O)C3[C@@]2(C)CC[C@@H]1OC(C)=O,CHEMBL4874297
CHEMBL24933,CC1(C)CNc2c(cccc2S(=O)(=O)N[C@@H](Cc2nc3ccccc3s2)C(=O)N2CCC(CCCl)CC2)C1,CHEMBL4874297
CHEMBL282159,CO[C@@H](CC[C@H](C)[C@H]1O[C@@]23CC(OC(=O)C[C@H]([C@@H](C)O)OC(=O)C[C@](O)(O2)[C@H](C)CC3(C)C)[C@@H]1C)c1cccc(O)c1,CHEMBL4874297
CHEMBL6343,COc1cc2nc(N3CCN(C(=O)/C=C/c4ccc(NC(=O)CBr)cc4)CC3)nc(N)c2cc1OC,CHEMBL4876243
CHEMBL13372,CO[C@@]1(Nc2nc3ccccc3[nH]2)C(=O)N2C(C(=O)OC(c3ccccc3)c3ccccc3)=C(COC(C)=O)CSC21,CHEMBL4876243
CHEMBL276245,CC(=O)OCC1=C(C(=O)OC(c2ccccc2)c2ccccc2)N2C(=O)[C@@H](Nc3nc4cc(C(=O)O)ccc4[nH]3)C2SC1,CHEMBL4876243
CHEMBL269426,CC(=O)OCC1=C(C(=O)OC(c2ccccc2)c2ccccc2)N2C(=O)[C@@H](Nc3nc4cc(CN)ccc4[nH]3)C2SC1,CHEMBL4876243
CHEMBL274130,COc1ccc(C[C@H]2NC(=O)/C=C/C[C@@H](C(=O)C#Cc3ccccc3)OC(=O)[C@H](CC(C)C)OC(=O)[C@H](C)CNC2=O)cc1,CHEMBL4876243
CHEMBL13396,COc1ccc(C[C@H]2NC(=O)/C=C/C[C@@H](C(=O)C#Cc3ccccc3)OC(=O)[C@H](CC(C)C)OC(=O)[C@@H](C)CNC2=O)cc1,CHEMBL4876243
CHEMBL13594,COc1ccc(C[C@H]2NC(=O)/C=C/C[C@@H](CCCc3ccccc3)OC(=O)[C@H](CC(C)C)OC(=O)CCNC2=O)cc1Cl,CHEMBL4876243
CHEMBL269701,COc1ccc(C[C@H]2NC(=O)/C=C/C[C@@H](C(=O)CCc3ccccc3)OC(=O)[C@H](CC(C)C)OC(=O)CCNC2=O)cc1,CHEMBL4876243
CHEMBL13554,CC(=O)OCC1=C(C(=O)OC(c2ccccc2)c2ccccc2)N2C(=O)[C@@H](Nc3nc4cc(CC#N)ccc4[nH]3)C2SC1,CHEMBL4876243
CHEMBL267520,CC(=O)OCC1=C(C(=O)OC(c2ccccc2)c2ccccc2)N2C(=O)[C@@H](Nc3nc4cc(CO)ccc4[nH]3)C2SC1,CHEMBL4876243
CHEMBL9899,COc1ccc(C[C@H]2NC(=O)/C=C/C[C@@H](C(O)CCc3ccccc3)OC(=O)[C@H](CC(C)C)OC(=O)CCNC2=O)cc1,CHEMBL4876243
CHEMBL267518,COc1ccc(C[C@H]2NC(=O)/C=C/C[C@@H](CCCc3ccccc3)OC(=O)[C@H](CC(C)C)OC(=O)CCNC2=O)cc1,CHEMBL4876243
CHEMBL276307,CC(C)C(NC(=O)Cn1c(-c2ccccc2)cc2c(=O)n(C(C)(C)Cc3ccccc3)c(=O)[nH]c2c1=O)C(=O)C(F)(F)F,CHEMBL4876243
CHEMBL431101,COc1ccc(N(C(=O)CN2C(=O)C(NC(=O)Nc3cccc(C(=O)O)c3)N=C(c3ccccc3)c3ccccc32)C(C)C)cc1,CHEMBL4876243
CHEMBL16676,CC(=O)c1ccccc1NC(=O)/C=C/c1ccc(-c2nc3c(=O)n(Cc4ccccc4)c(=O)n(Cc4ccccc4)c3[nH]2)cc1,CHEMBL4876243
CHEMBL276402,COc1cc(NC(=O)COc2ccc(Cl)cc2)c(Cl)cc1C(=O)N1CCN(C/C=C/c2ccccc2)CC1,CHEMBL5840711
CHEMBL10908,O=C(Nc1ccc(S(=O)(=O)NC(CC#CCOc2ccccc2)C(=O)O)cc1)c1ccc(Br)cc1,CHEMBL5840711
CHEMBL12144,CCCc1nc2c(n1Cc1ccc(-c3ccccc3S(=O)(=O)Nc3onc(C)c3C)c(CC#N)c1)C(=O)CCCC2,CHEMBL5840711
CHEMBL15374,COc1ccc(N(C(=O)CN2C(=O)C(CC(=O)Nc3ccccc3)N=C(c3ccccc3)c3ccccc32)C(C)C)cc1,CHEMBL5840711
CHEMBL410760,CC(=O)c1ccccc1NC(=O)/C=C/c1ccc(-c2nc3c(=O)n(CC4CCCCC4)c(=O)n(CC4CCCCC4)c3[nH]2)cc1,CHEMBL5840711
CHEMBL278039,CCCn1c(=O)c2nc(-c3ccc(OCC(=O)Nc4ccc(I)cc4)cc3)[nH]c2n(CCC)c1=O,CHEMBL5840711
CHEMBL19283,CO[C@@H]1[C@@H](C)O[C@@H](OCC23C[C@@H]4[C@H](C)CC[C@H]4C4(C=O)CC2C=C(C(C)C)C34C(=O)O)C(O)[C@@H]1OC(=O)c1ccco1,CHEMBL5840711
CHEMBL279314,CO[C@@H]1[C@@H](C)O[C@@H](OCC23C[C@@H]4[C@H](C)CC[C@H]4C4(C=O)CC2C=C(C(C)C)C34C(=O)O)C(O)[C@@H]1OC(=O)c1ccccc1,CHEMBL5840711
CHEMBL19704,O=C1c2cc(Cl)c(Cl)cc2C(=O)N1CCCCCn1c(C2CCNCC2)nc2cc(Cl)c(Cl)cc21,CHEMBL5840711
CHEMBL20383,COc1ccc(S(=O)(=O)N(Cc2ccc3c(c2)OCO3)[C@H](Cc2ccc(Br)s2)C(=O)O)cc1,CHEMBL5840711
CHEMBL430335,COc1ccc(S(=O)(=O)N(Cc2cc(C(F)(F)F)cc(C(F)(F)F)c2)[C@H](Cc2cccs2)C(=O)NO)cc1,CHEMBL5840711
CHEMBL279710,CCN(CC)Cc1cc(Nc2cc(C(F)(F)F)nc(/N=C(\N)Nc3ccc(C(F)(F)F)cc3)n2)ccc1OC,CHEMBL5840711
CHEMBL22309,CCN(CC)Cc1cc(Nc2cc(C(F)(F)F)nc(/N=C(\N)Nc3ccc(Cl)c(Cl)c3)n2)ccc1OC,CHEMBL5840711
CHEMBL286885,COc1cc(C(=O)NS(=O)(=O)c2ccccc2C)ccc1Cc1cn(C)c2ccc(C(=O)NC/C(C)=C\C(F)(F)F)cc12,CHEMBL5840711
CHEMBL24478,CCCc1nc2ccc(C3=NN(CC(=O)N(C)C)C(=O)CC3)cc2n1Cc1ccc(-c2ccccc2-c2nn[nH]n2)cc1,CHEMBL5840711
CHEMBL268653,Cc1c(O)nc2c3c(ccc2c1C)OC(C)(C)[C@H](OC(=O)C12CCC(C)(C(=O)O1)C2(C)C)[C@@H]3OC(=O)C12CCC(C)(C(=O)O1)C2(C)C,CHEMBL4849611
CHEMBL9136,CC[C@H]1OC(=O)CC(O)[C@H](C)[C@@H](O[C@@H]2O[C@H](C)C[C@H](N(C)C)[C@H]2O)[C@@H](CCNCCN(C)C)C[C@@H](C)C(=O)/C=C/C(C)=C/[C@@H]1C,CHEMBL4849611
CHEMBL265343,CC[C@H]1OC(=O)CC(O)[C@H](C)[C@@H](O[C@@H]2O[C@H](C)C[C@H](N(C)C)[C@H]2O)[C@@H](CCN2CCOCC2)C[C@@H](C)C(=O)/C=C/C(C)=C/[C@@H]1C,CHEMBL4849611
CHEMBL273473,CC[C@H]1OC(=O)CC(O)[C@H](C)[C@@H](O[C@@H]2O[C@H](C)C[C@H](N(C)C)[C@H]2O)[C@@H](CCN2CCCC2)C[C@@H](C)C(=O)/C=C/[C@]2(C)O[C@H]2[C@@H]1C,CHEMBL4849611
CHEMBL9118,CC[C@H]1OC(=O)CC(O)[C@H](C)[C@@H](O[C@@H]2O[C@H](C)C[C@H](N(C)C)[C@H]2O)[C@@H](CCN(CC)CC)C[C@@H](C)C(=O)/C=C/[C@]2(C)O[C@H]2[C@@H]1C,CHEMBL4849611
CHEMBL266560,CC[C@H]1OC(=O)CC(O)[C@H](C)[C@@H](O[C@@H]2O[C@H](C)C[C@H](N(C)C)[C@H]2O)[C@@H](CCN2CCCCC2)C[C@@H](C)C(=O)/C=C/[C@]2(C)O[C@H]2[C@@H]1C,CHEMBL4849611
CHEMBL8751,CC[C@H]1OC(=O)CC(O)[C@H](C)[C@@H](O[C@@H]2O[C@H](C)C[C@H](N(C)C)[C@H]2O)[C@@H](CCN2CCN(C)CC2)C[C@@H](C)C(=O)/C=C/C(C)=C/[C@@H]1C,CHEMBL4849611
CHEMBL268906,CC[C@H]1OC(=O)CC(O)[C@H](C)[C@@H](O[C@@H]2O[C@H](C)C[C@H](N(C)C)[C@H]2O)[C@@H](CCN2CCCCCC2)C[C@@H](C)C(=O)/C=C/[C@]2(C)O[C@H]2[C@@H]1C,CHEMBL4849611
CHEMBL416697,CC[C@H]1OC(=O)CC(O)[C@H](C)[C@@H](O[C@@H]2O[C@H](C)C[C@H](N(C)C)[C@H]2O)[C@@H](CCN(C)CCNC)C[C@@H](C)C(=O)/C=C/C(C)=C/[C@@H]1C,CHEMBL4849611
CHEMBL266595,CC[C@H]1OC(=O)CC(O)[C@H](C)[C@@H](O[C@@H]2O[C@H](C)C[C@H](N(C)C)[C@H]2O)[C@@H](CCN2CCCCCC2)C[C@@H](C)C(=O)/C=C/C(C)=C/[C@@H]1C,CHEMBL4849611
CHEMBL9433,CS(=O)(=O)Nc1ccc(OP(=O)(Oc2ccc(NS(C)(=O)=O)cc2)C2CCCN2C(=O)C2CCCN2)cc1.Cl,CHEMBL4849611
CHEMBL493,CC(C)C[C@H]1C(=O)N2CCC[C@H]2[C@]2(O)O[C@](NC(=O)[C@@H]3C=C4c5cccc6[nH]c(Br)c(c56)C[C@H]4N(C)C3)(C(C)C)C(=O)N12,CHEMBL4849611
CHEMBL274780,CC(C)C(NC(=O)Cn1c(-c2ccc(NC(=O)C(F)(F)F)cc2)ncc(NC(=O)OCc2ccccc2)c1=O)C(=O)C(F)(F)F,CHEMBL4849611
CHEMBL13656,COc1ccc(C[C@H]2NC(=O)/C=C/C[C@@H](C(Br)C#Cc3ccccc3)OC(=O)[C@H](CC(C)C)OC(=O)CCNC2=O)cc1,CHEMBL4849611
CHEMBL13549,COc1ccc(C[C@H]2NC(=O)/C=C/C[C@@H](C(Br)C#Cc3ccccc3)OC(=O)[C@H](CC(C)C)OC(=O)[C@@H](C)CNC2=O)cc1,CHEMBL4849611
CHEMBL10854,COc1ccc(C2(O)OC(=O)C(c3cc(OC)c4c(c3)OCO4)=C2Cc2cc(OC)c(OC)c(OC)c2)cc1C,CHEMBL5953832
CHEMBL11144,CC(C)C(NC(=O)Cn1c(-c2ccc(F)cc2)ncc(NC(=O)OCc2ccncc2)c1=O)C(=O)C(F)(F)F,CHEMBL5953832
CHEMBL11098,CC(C)C(NC(=O)Cn1c(-c2ccc(F)cc2)ncc(NC(=O)OCc2ccccc2)c1=O)C(=O)C(F)(F)F,CHEMBL5953832
CHEMBL276680,CC(C)C(NC(=O)Cn1c(-c2ccc(F)cc2)ncc(NC(=O)OCc2ccccn2)c1=O)C(=O)C(F)(F)F,CHEMBL5953832
CHEMBL261340,CC(C)[C@H]1[C@@H](OC(=O)N[C@@H](Cc2ccccc2)[C@H](O)CN2C[C@H]3CCCC[C@H]3C[C@H]2C(=O)NC(C)(C)C)CCS1(=O)=O,CHEMBL5953832
CHEMBL18067,CC(C)[C@@H]1[C@H](OC(=O)N[C@@H](Cc2ccccc2)[C@H](O)CN2C[C@H]3CCCC[C@H]3C[C@H]2C(=O)NC(C)(C)C)CCS1(=O)=O,CHEMBL5953832
CHEMBL279004,COc1ccc(S(=O)(=O)N(Cc2ccc(I)cc2)[C@H](Cc2cccs2)C(=O)NO)cc1,CHEMBL5953832
CHEMBL23104,CC(C)[C@H](NC(=O)[C@@H]1Cc2ccccc2N1C(=O)[C@@H](NC(=O)c1cccnc1)C(C)C)C(=O)c1nnc(C(C)(C)C)o1,CHEMBL5953832
CHEMBL26571,CC(C)[C@H](NC(=O)[C@@H]1Cc2ccccc2CN1C(=O)[C@@H](NC(=O)c1cccnc1)C(C)C)C(=O)c1nnc(C(C)(C)C)o1,CHEMBL5953832
CHEMBL25830,COC(=O)c1ccc2oc(C(=O)C(Cc3ccccc3)NC(=O)Cn3c(-c4cccc(Cl)c4)ncc(N)c3=O)nc2c1,CHEMBL5953832
CHEMBL287302,COc1cc(C(=O)NS(=O)(=O)c2ccccc2C)ccc1Cc1cn(C)c2ccc(C(=O)NCC(C)C(F)(F)F)cc12,CHEMBL5953832
CHEMBL24256,COc1cc(C(=O)NS(=O)(=O)c2ccccc2C)ccc1Cc1cn(C)c2ccc(C(=O)NCC3CCCC3)cc12,CHEMBL5953832
CHEMBL286319,Nc1cnc(-c2ccc(F)cc2)n(CC(=O)NC(Cc2ccccc2)C(=O)c2nc3cc(-c4ccccc4)ccc3o2)c1=O,CHEMBL5953832
CHEMBL24715,COC(=O)c1c(C(=O)N2CCN(CCO)CC2)cc2ccccc2c1-c1cc(Br)c(OC)c(OC)c1,CHEMBL5953832
CHEMBL25767,CCCCc1nc2ccc(NS(=O)(=O)C(F)(F)F)cc2c(=O)n1Cc1ccc(-c2ccccc2-c2nn[nH]n2)cc1,CHEMBL5953832
CHEMBL267387,Nc1cc(C2=NOC(Cn3cccn3)(C(=O)Nc3ccc(-c4ccccc4S(N)(=O)=O)cn3)C2)ccc1Cl,CHEMBL5932673
CHEMBL11398,CC(C)C(NC(=O)Cn1c(-c2ccc(N)cc2)ncc(NC(=O)OCc2ccccc2)c1=O)C(=O)C(F)(F)F,CHEMBL5932673
CHEMBL11161,Cc1cccc(N2CCN(CCCc3cc(Cl)ccc3OCCc3ccccc3)CC2)n1.O=C(O)C(=O)O,CHEMBL5932673
CHEMBL12172,CCCc1nc(Cl)c(C(=O)OC)n1Cc1ccc(-c2ccccc2S(=O)(=O)Nc2onc(C)c2C)cc1,CHEMBL5932673
CHEMBL16832,COc1ccc(S(=O)(=O)Nc2cccc(C(c3c(O)c4c(oc3=O)CCCCCC4)C3CC3)c2)cc1OC,CHEMBL5932673
CHEMBL17003,CCCn1c(=O)c2nc(-c3ccc(OCC(=O)Nc4ccc(Br)cc4)cc3)[nH]c2n(CCC)c1=O,CHEMBL5932673
CHEMBL279326,CC[C@@H]1[C@H](OC(=O)N[C@@H](Cc2ccccc2)[C@H](O)CN2C[C@H]3CCCC[C@H]3C[C@H]2C(=O)NC(C)(C)C)CCS1(=O)=O,CHEMBL5932673
CHEMBL17600,CC[C@H]1[C@@H](OC(=O)N[C@@H](Cc2ccccc2)[C@H](O)CN2C[C@H]3CCCC[C@H]3C[C@H]2C(=O)NC(C)(C)C)CCS1(=O)=O,CHEMBL5932673
CHEMBL17788,CC(C)[C@@H]1[C@H](OC(=O)N[C@@H](Cc2ccccc2)[C@H](O)CN2C[C@H]3CCC[C@H]3C[C@H]2C(=O)NC(C)(C)C)CCS1(=O)=O,CHEMBL5932673
CHEMBL279323,C[C@@H]1CS(=O)(=O)C[C@@H]1OC(=O)N[C@@H](Cc1ccccc1)[C@H](O)CN1C[C@H]2CCCC[C@H]2C[C@H]1C(=O)NC(C)(C)C,CHEMBL5932673
CHEMBL17419,C[C@H]1CS(=O)(=O)C[C@H]1OC(=O)N[C@@H](Cc1ccccc1)[C@H](O)CN1C[C@H]2CCCC[C@H]2C[C@H]1C(=O)NC(C)(C)C,CHEMBL5932673
CHEMBL277801,C[C@@H]1[C@H](OC(=O)N[C@@H](Cc2ccccc2)[C@H](O)CN2C[C@H]3CCCC[C@H]3C[C@H]2C(=O)NC(C)(C)C)CCS1(=O)=O,CHEMBL5932673
CHEMBL18068,C[C@H]1[C@@H](OC(=O)N[C@@H](Cc2ccccc2)[C@H](O)CN2C[C@H]3CCCC[C@H]3C[C@H]2C(=O)NC(C)(C)C)CCS1(=O)=O,CHEMBL5932673
CHEMBL428519,C[C@H]1C[C@@H](OC(=O)N[C@@H](Cc2ccccc2)[C@H](O)CN2C[C@H]3CCCC[C@H]3C[C@H]2C(=O)NC(C)(C)C)CS1(=O)=O,CHEMBL5932673
CHEMBL429193,C[C@@H]1C[C@H](OC(=O)N[C@@H](Cc2ccccc2)[C@H](O)CN2C[C@H]3CCCC[C@H]3C[C@H]2C(=O)NC(C)(C)C)CS1(=O)=O,CHEMBL5932673
CHEMBL276144,CCCC(=O)O.C[C@@H]1CN(C(=O)N2Cc3c(C(=O)OC(C)(C)C)ncn3-c3ccc(Cl)cc32)C[C@H](C)N1,CHEMBL5883487
CHEMBL14988,COc1ccc(N(C(=O)CN2C(=O)C(NC(=O)Nc3ccccc3)[N+]([O-])=C(C)c3ccccc32)C(C)C)cc1,CHEMBL5883487
CHEMBL280454,O=C(NC1CCN(Cc2ccccc2)C1)c1nc(-c2ccc(Cl)cc2Cl)n(-c2ccc(Cl)cc2)n1,CHEMBL5883487
CHEMBL430097,O=c1c2c(oc(O)c1C(c1cccc(N(CC3CC3)S(=O)(=O)c3ccccc3)c1)C1CC1)CCCCCC2,CHEMBL5883487
CHEMBL16777,O=c1c2c(oc(O)c1C(c1cccc(NS(=O)(=O)c3cccc([N+](=O)[O-])c3)c1)C1CC1)CCCCCC2,CHEMBL5883487
CHEMBL16337,O=c1c2c(oc(O)c1[C@@H](c1cccc(NS(=O)(=O)c3cccc4cccnc34)c1)C1CC1)CCCCCC2,CHEMBL5883487
CHEMBL16875,COC(=O)c1cccc(S(=O)(=O)Nc2cccc(C(c3c(O)c4c(oc3=O)CCCCCC4)C3CC3)c2)c1,CHEMBL5883487
CHEMBL16773,CC(C)C(c1cccc(NS(=O)(=O)c2cccc3cccnc23)c1)c1c(O)c2c(oc1=O)CCCCCC2,CHEMBL5883487
CHEMBL275888,O=c1c2c(oc(O)c1[C@H](c1cccc(NS(=O)(=O)c3cccc4cccnc34)c1)C1CC1)CCCCCC2,CHEMBL5883487
CHEMBL16551,O=c1c2c(oc(O)c1C(c1cccc(NS(=O)(=O)c3ccc([N+](=O)[O-])cc3)c1)C1CC1)CCCCCC2,CHEMBL5883487
CHEMBL16536,O=c1c2c(oc(O)c1C(c1cccc(NS(=O)(=O)c3ccc4ccccc4n3)c1)C1CC1)CCCCCC2,CHEMBL5883487
CHEMBL16349,O=c1c2c(oc(O)c1C(c1cccc(NS(=O)(=O)c3cccc4cccnc34)c1)C1CC1)CCCCCC2,CHEMBL5883487
CHEMBL16845,O=C(O)/C=C/C(=O)O.OCCN1CCN(C2=Nc3ccccc3CC=C2c2cccc(C(F)(F)F)c2)CC1,CHEMBL5883487
CHEMBL17271,Clc1ccccc1C1=CCc2cc(Br)ccc2N=C1N1CCNCC1.O=C(O)/C=C/C(=O)O,CHEMBL5883487
CHEMBL17590,O=C(c1ccccc1)c1cccc(NC(=O)C2CCN(C(=O)Cn3c(=O)sc4ccc(Cl)cc43)CC2)c1,CHEMBL5883487
CHEMBL267784,Cc1nnc(SCC2=C(C(=O)OC(c3ccccc3)c3ccccc3)N3C(=O)[C@@H](Nc4nc5ccccc5[nH]4)C3SC2)s1,CHEMBL5889261
CHEMBL274985,C=CC[C@H](NC(=O)[C@@H]1C[C@@H](CCCc2cccc3ccccc23)c2c(Cl)nc(N)c(=O)n21)B1OC2CC3CC(C3(C)C)[C@@]2(C)O1,CHEMBL5889261
CHEMBL278416,CC(C)(C)NC(=O)[C@@H]1C[C@@H]2CCCC[C@@H]2CN1C[C@@H](O)[C@H](Cc1ccccc1)NC(=O)O[C@H]1CCS(=O)(=O)[C@H]1C1CCCC1,CHEMBL5889261
CHEMBL277825,CC(C)(C)NC(=O)[C@@H]1C[C@@H]2CCCC[C@@H]2CN1C[C@@H](O)[C@H](Cc1ccccc1)NC(=O)O[C@@H]1CCS(=O)(=O)[C@@H]1C1CCCC1,CHEMBL5889261
CHEMBL278975,C=CC(C)(C)c1[nH]c2ccccc2c1C1=C(OS(=O)(=O)C(F)(F)F)C(=O)C(c2c[nH]c3c(CC=C(C)C)cccc23)=C(N)C1=O,CHEMBL5889261
CHEMBL280170,COc1cccc(-n2c(=O)c3c(CN(C)Cc4ccccc4)c(-c4ccc(N)cc4)sc3n(Cc3c(F)cccc3F)c2=O)c1,CHEMBL5889261
CHEMBL278541,Nc1nc2c(cnn2CCc2ccccc2)c2nc(-c3ccc(OCC(=O)Nc4ccc(I)cc4)cc3)nn12,CHEMBL5889261
CHEMBL22884,CN1CCN(Cc2cc(Nc3cc(-c4ccc(N5CCN(C)CC5)cc4)nc4ccccc34)cc(CN3CCN(C)CC3)c2O)CC1,CHEMBL5889261
CHEMBL283360,COC(=O)c1c(C(=O)N2CCN(CCO)CC2)cc2cc(OC)c(OC)cc2c1-c1cc(Br)c(OC)c(OC)c1,CHEMBL5889261
CHEMBL24111,CC(=O)Nc1ccc2nc(-c3ccc(-c4ccccc4C(=O)O)cc3)n(Cc3ccc(-c4ccccc4-c4nn[nH]n4)cc3)c(=O)c2c1,CHEMBL5889261
CHEMBL287253,Cc1ccc2nc(-c3ccc(-c4ccccc4C(=O)O)cc3)n(Cc3ccc(-c4ccccc4-c4nn[nH]n4)cc3)c(=O)c2c1,CHEMBL5889261
CHEMBL28071,COC(=O)NCCC1CCN(C(=O)[C@H](Cc2nc3ccccc3s2)NS(=O)(=O)c2cccc3c2NCC(C)(C)C3)CC1,CHEMBL5889261
CHEMBL28272,CC(=O)NCCC1CCN(C(=O)[C@H](Cc2nc3ccccc3s2)NS(=O)(=O)c2cccc3c2NCC(C)(C)C3)CC1,CHEMBL5889261
CHEMBL27726,CN(C)CCC1CCN(C(=O)[C@H](Cc2nc3ccccc3s2)NS(=O)(=O)c2cccc3c2NCC(C)(C)C3)CC1,CHEMBL5889261
CHEMBL282065,CN(C)C(=O)NCCC1CCN(C(=O)[C@H](Cc2nc3ccccc3s2)NS(=O)(=O)c2cccc3c2NCC(C)(C)C3)CC1,CHEMBL5889261
CHEMBL267081,CC(C)(C)C(=O)Oc1ccc(C(=O)c2ccc(OC(=O)C(C)(C)C)cc2OC(=O)C(C)(C)C)c(OC(=O)C(C)(C)C)c1,CHEMBL5979136
CHEMBL10183,C[C@@H]1CC[C@H]2[C@@H](C)C(CC3(CC4OC5O[C@]6(C)CC[C@H]7[C@H](C)CC[C@@H]([C@H]4C)C57OO6)CO3)OC3O[C@]4(C)CCC1C32OO4,CHEMBL5979136
CHEMBL10112,C=C(CC1OC2O[C@]3(C)CCC4[C@H](C)CC[C@@H]([C@H]1C)C24OO3)CC1OC2O[C@]3(C)CC[C@H]4[C@H](C)CC[C@@H]([C@H]1C)C24OO3,CHEMBL5979136
CHEMBL276899,CC1CC2C3CCC4=CC(=O)C=CC4(C)[C@@]3(Cl)C(Cl)CC2(C)[C@@]1(OC(=O)c1cccs1)C(=O)CCl,CHEMBL5979136
CHEMBL10732,CC(=O)OCC(=O)[C@@]1(OC(=O)c2ccc(C)s2)C(C)CC2C3CCC4=CC(=O)C=CC4(C)[C@@]3(Cl)C(Cl)CC21C,CHEMBL5979136
CHEMBL12005,O=S(=O)(c1ccc(OC(F)(F)F)cc1)C(CSc1ccc(OC(F)(F)F)cc1)S(=O)(=O)C(F)(F)F,CHEMBL5979136
CHEMBL275882,CC(C)N(C(=O)CN1C(=O)C(NC(=O)c2cc3ccccc3[nH]2)N=C(c2ccccc2)c2ccccc21)c1ccccc1,CHEMBL5979136
CHEMBL15966,O=C(NN1CC2CCCC2C1)c1nc(-c2ccc(Cl)cc2Cl)n(-c2ccc(Cl)cc2)c1Br,CHEMBL5979136
CHEMBL416535,O=C(c1nc(-c2ccc(Cl)cc2)n(-c2ccc(Cl)cc2Cl)n1)N1CCN(c2cccc(C(F)(F)F)c2)CC1,CHEMBL5979136
CHEMBL16069,O=c1c2c(oc(O)c1C(c1cccc(N(CCc3ccccc3)S(=O)(=O)c3ccccc3)c1)C1CC1)CCCCCC2,CHEMBL5979136
CHEMBL280028,O=c1c2c(oc(O)c1C(c1cccc(N(Cc3ccccc3)S(=O)(=O)c3ccccc3)c1)C1CC1)CCCCCC2,CHEMBL5979136
CHEMBL16498,C=C1C[C@H]2C=Nc3cc(OCCCOc4cc5c(cc4OC)C(=O)N4CC(=C)C[C@H]4C=N5)c(OC)cc3C(=O)N2C1,CHEMBL5979136
CHEMBL17422,CC(C)C(=O)N(c1ccc([N+](=O)[O-])c(C(F)(F)F)c1)[C@H]1CCC2C3CC[C@H]4N(C)C(=O)CC[C@]4(C)C3CC[C@@]21C,CHEMBL5979136
CHEMBL18646,Oc1ccc2c(Cc3ccc(CN4CCOCC4)c(Br)c3)c(-c3ccc(OCCN4CCCC4)cc3)sc2c1,CHEMBL5979136
CHEMBL18665,COc1ccc(C(c2ccc(C(C)C)cc(=O)c2O)C(c2ccc(OC)cc2)c2ccc(C(C)C)cc(=O)c2O)cc1,CHEMBL5979136
CHEMBL24186,CNC(=O)OCCC1CCN(C(=O)[C@H](Cc2nc3ccccc3s2)NS(=O)(=O)c2cccc3c2NCC(C)(C)C3)CC1,CHEMBL4863371
CHEMBL28439,CC1(C)CNc2c(cccc2S(=O)(=O)N[C@@H](Cc2nc3ccccc3s2)C(=O)N2CCC(CCC(=O)O)CC2)C1,CHEMBL4863371
CHEMBL282388,O=C(CSSc1ccccc1[N+](=O)[O-])N[C@@H]1CCC2(O)C3Cc4ccc(O)c5c4C2(CCN3CC2CC2)C1O5,CHEMBL4863371
CHEMBL27102,COc1cccc(CNC(=O)c2c3n(c4c(N5CCN(CCc6ccc(F)c(F)c6)CC5)ncnc24)CCCC3)c1OC,CHEMBL4863371
CHEMBL417474,Cc1ccc2cccc(OCc3c(Cl)ccc(N(C)C(=O)Cc4ccc(C(=O)c5ccc(N)cc5)n4C)c3Cl)c2n1,CHEMBL4863371
CHEMBL29505,CC(C)(C)NC(=O)C(c1ccc(Oc2ccccc2)cc1)N1C(=O)[C@H](CS)NC(=O)[C@@H]1Cc1ccc([N+](=O)[O-])cc1,CHEMBL4863371
CHEMBL30192,N#Cc1ccccc1-c1ccc(C[C@H](NC(=O)[C@@H]2CCCN2S(=O)(=O)c2cc(Cl)cc(Cl)c2)C(=O)O)cc1,CHEMBL4863371
CHEMBL29359,COc1ccccc1-c1ccc(C[C@H](NC(=O)[C@@H]2CCCN2S(=O)(=O)c2cc(Cl)cc(Cl)c2)C(=O)O)cc1,CHEMBL4863371
CHEMBL281550,COc1ccccc1-c1ccc(C[C@H](NC(=O)[C@@H]2CSCN2S(=O)(=O)c2cc(Cl)cc(Cl)c2)C(=O)O)cc1,CHEMBL4863371
CHEMBL28856,COc1ccccc1-c1ccc(C[C@H](NC(=O)[C@H]2CSCN2S(=O)(=O)c2cc(Cl)cc(Cl)c2)C(=O)O)cc1,CHEMBL4863371
CHEMBL432840,O=C(c1ccc(Nc2ccnc3cc(C(F)(F)F)ccc23)cc1)N1CCN(S(=O)(=O)c2ccc(Cl)cc2)CC1,CHEMBL4863371
CHEMBL416199,COc1cc([C@@H]2c3cc4c(cc3[C@@H](Nc3ccc(I)cc3)[C@H]3COC(=O)[C@H]23)OCO4)cc(OC)c1O,CHEMBL4863371
CHEMBL282336,Cc1noc(NS(=O)(=O)c2ccccc2-c2ccc(-c3ncco3)cc2CN(C)C(=O)Cc2ccc(C(F)(F)F)cc2)c1C,CHEMBL4863371
CHEMBL281977,Cc1noc(NS(=O)(=O)c2ccccc2-c2ccc(-c3ncco3)cc2CN(C)C(=O)c2cc3ccccc3n2C)c1C,CHEMBL4863371
CHEMBL28526,COc1ccc(S(=O)(=O)N2CCN(C(=O)c3ccc(Nc4ccnc5cc(C(F)(F)F)ccc45)cc3)CC2)cc1,CHEMBL4863371
CHEMBL26348,COC(=O)c1c(C(=O)N2CCN(CCO)CC2)cc2cc(OC)c(OC)cc2c1-c1cc(Cl)c(OC)c(OC)c1,CHEMBL6048506
CHEMBL282965,COC(=O)c1c(C(=O)N2CCC(CO)CC2)cc2cc(OC)c(OC)cc2c1-c1cc(OC)c(OC)c(OC)c1,CHEMBL6048506
CHEMBL26614,CCCCc1nc2ccc(N(C)C(=O)N(C)C(C)C)cc2c(=O)n1Cc1ccc(-c2ccccc2-c2nn[nH]n2)cc1,CHEMBL6048506
CHEMBL287487,CC(=O)CCCC(=O)NC1N=C(c2ccccc2)c2ccccc2N(CC(=O)NC2=NOC(c3ccccc3)C2)C1=O,CHEMBL6048506
CHEMBL286064,CC1(C)CNc2c(cccc2S(=O)(=O)N[C@@H](Cc2nc3ccccc3s2)C(=O)N2CCC(CCF)CC2)C1,CHEMBL6048506
CHEMBL282568,CC1(C)CNc2c(cccc2S(=O)(=O)N[C@@H](Cc2nc3ccccc3s2)C(=O)N2CCC(CCN)CC2)C1,CHEMBL6048506
CHEMBL422401,CC1(C)CNc2c(cccc2S(=O)(=O)N[C@@H](Cc2nc3ccccc3s2)C(=O)N2CCC(CCO)CC2)C1,CHEMBL6048506
CHEMBL282565,CC(=O)Nc1ccccc1Cn1c2c(c3ccccc31)C[C@@]1(O)C3Cc4ccc(O)c5c4C1(CCN3CC1CC1)[C@H]2O5,CHEMBL6048506
CHEMBL280649,Oc1ccc2c3c1O[C@H]1c4c(c5ccccc5n4Cc4cccc(N=C=S)c4)C[C@@]4(O)C(C2)N(CC2CC2)CCC314,CHEMBL6048506
CHEMBL27927,CC(=O)Nc1ccc(Cn2c3c(c4ccccc42)C[C@@]2(O)C4Cc5ccc(O)c6c5C2(CCN4CC2CC2)[C@H]3O6)cc1,CHEMBL6048506
CHEMBL26648,Oc1ccc2c3c1O[C@H]1c4c(c5ccccc5n4Cc4ccccc4N=C=S)C[C@@]4(O)C(C2)N(CC2CC2)CCC314,CHEMBL6048506
CHEMBL282107,Oc1ccc2c3c1O[C@H]1c4c(c5ccccc5n4Cc4ccc(N=C=S)cc4)C[C@@]4(O)C(C2)N(CC2CC2)CCC314,CHEMBL6048506
CHEMBL282761,CCN(CC)CCN1C(=O)c2c(c3c4ccccc4n4c3c3c2c2ccccc2n3[C@H]2[C@@H](O)[C@H](OC)[C@@H](CO)O[C@H]24)C1=O,CHEMBL6048506
CHEMBL26584,CO[C@H]1[C@H](O)[C@H]2[C@@H](O[C@@H]1CCl)n1c3ccc([N+](=O)[O-])cc3c3c4c(c5c6cc([N+](=O)[O-])ccc6n2c5c31)C(=O)NC4=O,CHEMBL6048506
CHEMBL28116,CC(=O)Nc1cccc(Cn2c3c(c4ccccc42)C[C@@]2(O)C4Cc5ccc(O)c6c5C2(CCN4CC2CC2)[C@H]3O6)c1,CHEMBL6048506
CHEMBL269559,CC1(C)Oc2ccc3ccc(=O)oc3c2[C@@H](OC(=O)C23CCC(C)(C(=O)O2)C3(C)C)[C@H]1OC(=O)C12CCC(C)(C(=O)O1)C2(C)C,CHEMBL6101934
CHEMBL9990,CC(C)(C)C(=O)Oc1cc(C(=O)OCc2cc(=O)c(OC(=O)C(C)(C)C)co2)cc(OC(=O)C(C)(C)C)c1OC(=O)C(C)(C)C,CHEMBL6101934
CHEMBL273502,CC(=O)OCC(=O)[C@@]1(OC(=O)c2cnc3ccccc3n2)C(C)CC2C3CCC4=CC(=O)C=CC4(C)[C@@]3(Cl)C(Cl)CC21C,CHEMBL6101934
CHEMBL428185,CC(=O)OCC(=O)[C@@]1(OC(=O)c2ccc(Br)o2)C(C)CC2C3CCC4=CC(=O)C=CC4(C)[C@@]3(Cl)C(Cl)CC21C,CHEMBL6101934
CHEMBL11070,CC(C)C(NC(=O)Cn1c(-c2cc(C(F)(F)F)cc(C(F)(F)F)c2)ncc(NC(=O)OCc2ccccc2)c1=O)C(=O)C(F)(F)F,CHEMBL6101934
CHEMBL12703,CCCc1nc2c(n1Cc1ccc(-c3ccccc3S(=O)(=O)Nc3onc(C)c3C)c(CN3CCC(C)(C)C3=O)c1)C(=O)CCCC2,CHEMBL6101934
CHEMBL273430,COc1ccc(C[C@H]2NC(=O)/C=C/C[C@@H](C(Br)C#Cc3ccccc3)OC(=O)[C@H](CC(C)C)OC(=O)[C@H](C)CNC2=O)cc1,CHEMBL6101934
CHEMBL269545,COc1ccc(C[C@H]2NC(=O)/C=C/C[C@@H](C(/C=C/c3ccccc3)OC(C)=O)OC(=O)[C@H](CC(C)C)OC(=O)[C@H](C)CNC2=O)cc1,CHEMBL6101934
CHEMBL441018,COc1ccc(C[C@H]2NC(=O)/C=C/C[C@@H]([C@H](C)[C@H]3O[C@@H]3c3ccccc3)OC(=O)[C@H](CC(C)C)OC(=O)[C@H](C)CNC2=O)cc1Cl,CHEMBL6101934
CHEMBL416351,C=CC[C@H](NC(=O)[C@@H]1C[C@@H](CCCc2cccc3ccccc23)c2c(Cl)nc(NC)c(=O)n21)B1OC2CC3CC(C3(C)C)[C@@]2(C)O1,CHEMBL6101934
CHEMBL16323,Clc1ccc2c(c1)C(c1ccccc1)=NCc1nnc(C(CN3CCN(c4ccccc4)CC3)c3ccccc3)n1-2.O=C(O)C(=O)O,CHEMBL6101934
CHEMBL17664,CC(=O)OC(C)(C)[C@H]1CC[C@](C)([C@@H](O)CC[C@](C)(O)[C@H]2CC[C@H]3O[C@@H]([C@]4(C)CC[C@@H](Br)C(C)(C)O4)CC[C@]3(C)O2)O1,CHEMBL6101934
CHEMBL437455,CO[C@@H]1[C@@H](C)O[C@@H](OCC23C[C@@H]4[C@H](C)CC[C@H]4C4(C=O)CC2C=C(C(C)C)C34C(=O)O)C(O)[C@@H]1OC(=O)OCc1ccccc1,CHEMBL6101934
CHEMBL18606,CCCCc1nn(-c2c(Cl)cccc2Cl)c(=O)n1Cc1ccc(-c2ccccc2S(=O)(=O)NC(=O)c2ccccc2)cc1,CHEMBL6101934
CHEMBL279629,CCCCc1nn(-c2ccccc2C(F)(F)F)c(=O)n1Cc1ccc(-c2ccccc2S(=O)(=O)NC(=O)c2ccccc2)cc1,CHEMBL6101934
CHEMBL18031,C[C@@H]1OCC[C@@H]1OC(=O)N[C@@H](Cc1ccccc1)[C@H](O)CN1C[C@H]2CCCC[C@H]2C[C@H]1C(=O)NC(C)(C)C,CHEMBL5877093
CHEMBL277725,CC(C)(C)NC(=O)[C@@H]1C[C@@H]2CCCC[C@@H]2CN1C[C@@H](O)[C@H](Cc1ccccc1)NC(=O)O[C@H]1CCSC1,CHEMBL5877093
CHEMBL18253,C[C@H]1OCC[C@H]1OC(=O)N[C@@H](Cc1ccccc1)[C@H](O)CN1C[C@H]2CCCC[C@H]2C[C@H]1C(=O)NC(C)(C)C,CHEMBL5877093
CHEMBL279097,CC(C)(C)NC(=O)[C@@H]1C[C@@H]2CCCC[C@@H]2CN1C[C@@H](O)[C@H](Cc1ccccc1)NC(=O)O[C@@H]1CCSC1,CHEMBL5877093
CHEMBL418737,Cc1cc(Br)cc(C(=O)NO)c1N(C)S(=O)(=O)c1ccc(OCC#Cc2ccccc2)cc1,CHEMBL5877093
CHEMBL19525,CC(=O)O[C@@H]1C[C@@]2(C)C(CC[C@]3(C)C2CC=C2C4[C@@H](C)[C@H](C)CC[C@]4(C(=O)O)CC[C@]23C)[C@](C)(CO)[C@H]1O,CHEMBL5877093
CHEMBL20126,CCNC1CC(=O)N([C@H]2CC3CC[C@]2(CS(=O)(=O)N2CCC4(CCc5ccccc54)CC2)C3(C)C)C1=O,CHEMBL5877093
CHEMBL281579,O=C(Cn1c(C2CCNCC2)nc2cc(Cl)c(Cl)cc21)N/N=C/c1cnn(-c2ccccc2)c1Cl,CHEMBL5877093
CHEMBL19884,O=C1c2ccc([N+](=O)[O-])cc2C(=O)N1CCCCCn1c(C2CCNCC2)nc2cc(Cl)c(Cl)cc21,CHEMBL5877093
CHEMBL20019,Cc1nnc2n1-c1sc(C#CCC34CCCc5cccc(c53)NC4=O)cc1C(c1ccccc1Cl)=NC2,CHEMBL5877093
CHEMBL19994,O=C1c2cccc([N+](=O)[O-])c2C(=O)N1CCCCCn1c(C2CCNCC2)nc2cc(Cl)c(Cl)cc21,CHEMBL5877093
CHEMBL19990,Cc1cc(C(=O)Nc2ccc(N3CCOCCC3=O)cc2F)n(-c2cc3ccccc3cc2S(C)(=O)=O)n1,CHEMBL5877093
CHEMBL21027,Cc1cc(C(=O)Nc2ccc(-c3ccccc3S(N)(=O)=O)cc2F)n(-c2ccc3cc(Cl)ccc3c2)n1,CHEMBL5877093
CHEMBL266181,CCOC(=O)c1ccc2nc(SCC(=O)NC3CCN(Cc4ccc(Cl)c(Cl)c4)CC3)sc2c1,CHEMBL5877093
CHEMBL277184,Cc1cc(C(=O)Nc2ccc(N3CCNCCC3=O)cc2F)n(-c2cc3ccccc3cc2S(C)(=O)=O)n1,CHEMBL5877093
CHEMBL268001,CC(=O)[C@@]12OC(C)(c3ccc(I)cc3)O[C@@H]1CC1C3CCC4=CC(=O)CC[C@]4(C)C3CC[C@@]12C,CHEMBL5881670
CHEMBL15064,C[C@@H]1CN(C(=O)N2Cc3c(C(=O)OC(C)(C)C)ncn3-c3ccc(Cl)cc32)C[C@H](C)N1S(C)(=O)=O.ClCCl,CHEMBL5881670
CHEMBL281779,Cc1nnc2n1-c1sc(C#CCn3c(=O)n(-c4ccccc4)c4ccccc43)cc1C(c1ccccc1Cl)=NC2,CHEMBL5881670
CHEMBL280202,CCN(CC)[C@@H]1CC(=O)N([C@H]2CC3CC[C@]2(CS(=O)(=O)N2CCC4(CCc5ccccc54)CC2)C3(C)C)C1=O,CHEMBL5881670
CHEMBL418556,Cc1nnc2n1-c1sc(C#CCn3c(=O)c4ccccc4c4ccccc43)cc1C(C1=CC(=O)CC=C1Cl)=NC2,CHEMBL5881670
CHEMBL19721,Cc1nnc2n1-c1sc(C#CCn3c(=O)n(CCN(C)C)c(=O)c4ccccc43)cc1C(c1ccccc1Cl)=NC2,CHEMBL5881670
CHEMBL20293,Cc1nnc2n1-c1sc(C#CCn3c(=O)n(CCN(C)C)c4ccccc43)cc1C(c1ccccc1Cl)=NC2,CHEMBL5881670
CHEMBL20319,CN(C)CCSC1CC(=O)N([C@H]2CC3CC[C@]2(CS(=O)(=O)N2CCC4(CCc5ccccc54)CC2)C3(C)C)C1=O,CHEMBL5881670
CHEMBL277678,Cc1nnc2n1-c1sc(C#CCN3C(=O)Cn4ccc5c(Cl)ccc3c54)cc1C(c1ccccc1Cl)=NC2,CHEMBL5881670
CHEMBL283317,CCN(CC)[C@H]1CC(=O)N([C@H]2CC3CC[C@]2(CS(=O)(=O)N2CCC4(CCc5ccccc54)CC2)C3(C)C)C1=O,CHEMBL5881670
CHEMBL20343,Cc1nnc2n1-c1sc(C#CCN3C(=O)CCc4cc(Cl)cc(Cl)c43)cc1C(c1ccccc1Cl)=NC2,CHEMBL5881670
CHEMBL20691,COc1cc2c(cc1OC)C(=O)N(CC#Cc1cc3c(s1)-n1c(C)nnc1CN=C3c1ccccc1Cl)CC2,CHEMBL5881670
CHEMBL283790,Cc1nnc2n1-c1sc(C#CCn3c(=O)c4ccccc4c4ccccc4c3=O)cc1C(c1ccccc1Cl)=NC2,CHEMBL5881670
CHEMBL21224,Cc1nnc2n1-c1sc(C#CCn3c(=O)c4ccccc4c(=O)c4ccccc43)cc1C(c1ccccc1Cl)=NC2,CHEMBL5881670
CHEMBL423836,COC(=O)Cn1c(-c2ccc(Cl)cc2)c(CCC(=O)N2CCN(c3ccccc3OC)CC2)c2cc(Cl)ccc21,CHEMBL5881670
CHEMBL278377,CN(C)CCCNC1CC(=O)N([C@H]2CC3CC[C@]2(CS(=O)(=O)N2CCC4(CCc5ccccc54)CC2)C3(C)C)C1=O,CHEMBL5862570
CHEMBL282457,Cc1cccc(C)c1OCC(=O)N[C@@H](Cc1ccccc1)[C@H](O)C(=O)N1CSC(C)(C)[C@H]1C(=O)NC(C)(C)C,CHEMBL5862570
CHEMBL279941,CC(C)[C@H](NC(=O)Cn1c(-c2ccc(F)cc2)ncc(N)c1=O)C(=O)c1nnc(C(C)(C)c2ccc3c(c2)OCO3)o1,CHEMBL5862570
CHEMBL22979,Nc1cnc(-c2ccc(F)cc2)n(CC(=O)NC(Cc2ccccc2)C(=O)c2nc3cc(C(=O)O)ccc3o2)c1=O,CHEMBL5862570
CHEMBL281124,COC(=O)c1ccc2oc(C(=O)C(Cc3ccccc3)NC(=O)Cn3c(-c4ccc(F)cc4)ncc(N)c3=O)nc2c1,CHEMBL5862570
CHEMBL26286,COC(=O)c1ccc2oc(C(=O)C(Cc3ccccc3)NC(=O)Cn3c(-c4cccc(C)c4)ncc(N)c3=O)nc2c1,CHEMBL5862570
CHEMBL287133,COC(=O)c1ccc2oc(C(=O)C(Cc3ccccc3)NC(=O)Cn3c(-c4cccc(F)c4)ncc(N)c3=O)nc2c1,CHEMBL5862570
CHEMBL24801,COC(=O)c1c(C(=O)N2CCN(CCO)CC2)cc2cc(OC)c(OC)cc2c1-c1ccnc(Br)c1,CHEMBL5862570
CHEMBL285306,COC(=O)c1ccc2nc(C(=O)C(Cc3ccccc3)NC(=O)Cn3c(-c4ccc(F)cc4)ncc(N)c3=O)oc2c1,CHEMBL5862570
CHEMBL285340,CO[C@H]1[C@@H]2OC[C@H]1O[C@@H]1[C@H]2n2c3ccc([N+](=O)[O-])cc3c3c4c(c5c6cc([N+](=O)[O-])ccc6n1c5c32)C(=O)NC4=O,CHEMBL5862570
CHEMBL284064,CO[C@H]1[C@H](O)[C@H]2[C@@H](O[C@@H]1CN=[N+]=[N-])n1c3ccc([N+](=O)[O-])cc3c3c4c(c5c6cc([N+](=O)[O-])ccc6n2c5c31)C(=O)NC4=O,CHEMBL5862570
CHEMBL284024,O=[N+]([O-])c1cc([N+](=O)[O-])c2[nH]c3c(N4CCN(CCc5ccc(F)c(F)c5)CC4)nc(CN4CCOCC4)nc3c2c1,CHEMBL5862570
CHEMBL280824,CC(C)(C)NC(=O)C(c1ccc(-c2ccccc2)cc1)N1C(=O)[C@H](CS)NC(=O)[C@@H]1Cc1ccc([N+](=O)[O-])cc1,CHEMBL5862570
CHEMBL430931,N#Cc1ccccc1-c1ccc(C[C@H](NC(=O)[C@@H]2[C@@H](O)CCN2S(=O)(=O)c2cc(Cl)cc(Cl)c2)C(=O)O)cc1,CHEMBL5862570
CHEMBL29018,COc1ccccc1-c1ccc(C[C@H](NC(=O)[C@@H]2[C@@H](O)CCN2S(=O)(=O)c2cc(Cl)cc(Cl)c2)C(=O)O)cc1,CHEMBL5862570
CHEMBL416145,O=P(O)(O)C(F)(F)c1ccc(CC(C/C=C/c2ccccc2)(c2ccccc2)n2nnc3ccccc32)cc1,CHEMBL5985758
CHEMBL11428,CC(C)C(NC(=O)Cn1c(C2CCCCC2)ncc(NC(=O)OCc2ccccc2)c1=O)C(=O)C(F)(F)F,CHEMBL5985758
CHEMBL12419,CC(C)OC(=O)CSc1ccc(CC2CCN(C3CCN(C(=O)c4cccc5ccccc45)CC3)CC2)cc1,CHEMBL5985758
CHEMBL275974,CC(=O)[C@@]12OC(C)(c3ccc(C(=O)c4ccccc4)cc3)O[C@@H]1CC1C3CCC4=CC(=O)CC[C@]4(C)C3CC[C@@]12C,CHEMBL5985758
CHEMBL405363,CC(C)N(C(=O)CN1C(=O)C(NC(=O)Nc2ccccc2)N=C(c2ccccc2)c2ccccc21)c1ccccc1,CHEMBL5985758
CHEMBL440092,CC(C)(C)c1ccc(S(=O)(=O)Nc2cccc(C(c3c(O)c4c(oc3=O)CCCCCC4)C3CC3)c2)cc1,CHEMBL5985758
CHEMBL275633,O=c1c2c(oc(O)c1C(c1cccc(NS(=O)(=O)c3ccccc3C(F)(F)F)c1)C1CC1)CCCCCC2,CHEMBL5985758
CHEMBL16340,O=c1c2c(oc(O)c1C(c1cccc(NS(=O)(=O)c3cccc(C(F)(F)F)c3)c1)C1CC1)CCCCCC2,CHEMBL5985758
CHEMBL280053,O=c1c2c(oc(O)c1C(c1cccc(NS(=O)(=O)c3cccc(Cl)c3Cl)c1)C1CC1)CCCCCC2,CHEMBL5985758
CHEMBL16666,CC(C)CC(c1cccc(NS(=O)(=O)c2cccc3cccnc23)c1)c1c(O)c2c(oc1=O)CCCCCC2,CHEMBL5985758
CHEMBL278477,O=c1c2c(oc(O)c1C(c1cccc(NS(=O)(=O)c3ccc(Cl)cc3Cl)c1)C1CC1)CCCCCC2,CHEMBL5985758
CHEMBL274484,CCOC(=O)C1=C(C)N=C(C)/C(=C(/O)OCC)C1c1nc(-c2ccc(OC)cc2)c(-c2ccc(OC)cc2)s1,CHEMBL5985758
CHEMBL281809,Cc1cc(Cc2c(-c3ccc(OCCN4CCCC4)cc3)sc3cc(O)ccc23)ccc1CN1CCOCC1,CHEMBL5985758
CHEMBL18801,Cc1cc(Cc2c(-c3ccc(OCCN4CCCC4)cc3)sc3cc(O)ccc23)ccc1CN1CCCC1=O,CHEMBL5985758
CHEMBL418004,N#Cc1cc(Cc2c(-c3ccc(OCCN4CCCC4)cc3)sc3cc(O)ccc23)ccc1CN1CCCC1,CHEMBL5985758
CHEMBL275878,CCNc1cccnc1N1CCN(CC(=O)[C@H]2[C@H](C)CC3C4CCC5=CC(=O)C=C[C@]5(C)C4=CC[C@@]32C)CC1.O=C(O)/C=C/C(=O)O,CHEMBL5428238
CHEMBL277544,C=C(C)[C@@H]1CC[C@]2(C(=O)N[C@H](C(=O)OC)N3CCCC3C(=O)OC)CC[C@]3(C)[C@H](CC[C@@H]4[C@@]5(C)CC[C@H](O)C(C)(C)[C@@H]5CC[C@]43C)[C@@H]12,CHEMBL5428238
CHEMBL282518,O=C(CBr)Nc1cccc(Cn2c3c(c4ccccc42)C[C@@]2(O)C4Cc5ccc(O)c6c5C2(CCN4CC2CC2)[C@H]3O6)c1,CHEMBL5428238
CHEMBL416192,O=C(CBr)Nc1ccccc1Cn1c2c(c3ccccc31)C[C@@]1(O)C3Cc4ccc(O)c5c4C1(CCN3CC1CC1)[C@H]2O5,CHEMBL5428238
CHEMBL27488,O=C(CBr)Nc1ccc(Cn2c3c(c4ccccc42)C[C@@]2(O)C4Cc5ccc(O)c6c5C2(CCN4CC2CC2)[C@H]3O6)cc1,CHEMBL5428238
CHEMBL30150,Cc1noc(NS(=O)(=O)c2ccccc2-c2ccc(-c3ncco3)cc2CN(C)C(=O)c2cc(Cl)cc(Cl)c2)c1C,CHEMBL5428238
CHEMBL30015,Cn1nnnc1-c1ccccc1-c1ccc(Cn2cnc3ccc(N(Cc4ccc(O)cc4)C(=O)c4ccccc4)cc3c2=O)cc1,CHEMBL5428238
CHEMBL430726,COc1cc([C@@H]2c3cc4c(cc3[C@@H](Nc3cc(C(F)(F)F)cc(C(F)(F)F)c3)[C@H]3COC(=O)[C@H]23)OCO4)cc(OC)c1O,CHEMBL5428238
CHEMBL31444,COc1cc([C@@H]2c3cc4nc5cc(Cl)c(Cl)cc5nc4cc3[C@@H](Nc3ccc([N+](=O)[O-])cc3)[C@H]3COC(=O)[C@H]23)cc(OC)c1O,CHEMBL5428238
CHEMBL30757,COc1cc([C@@H]2c3cc4nc5cc6ccccc6cc5nc4cc3[C@@H](Nc3ccc([N+](=O)[O-])cc3)[C@H]3COC(=O)[C@H]23)cc(OC)c1O,CHEMBL5428238
CHEMBL287101,O=C(Cn1cc(C(F)(F)F)ccc1=O)NCc1cc2cc(C(=O)N3CCC(N4C(=O)OCc5ccccc54)CC3)c(F)cc2o1,CHEMBL5428238
CHEMBL31651,O=C(Cn1cc(C(F)(F)F)ccc1=O)NCc1cc2cc(C(=O)N3CCC(N4C(=O)OCc5ccc(Cl)cc54)CC3)ccc2o1,CHEMBL5428238
CHEMBL30510,O=C(Cn1ccc(-c2ccccc2)nc1=O)NCc1cc2cc(C(=O)N3CCC(N4C(=O)OCc5ccccc54)CC3)ccc2o1,CHEMBL5428238
CHEMBL281081,O=C(Cn1cc(C(F)(F)F)ccc1=O)NCc1nc2ccc(C(=O)N3CCC(N4C(=O)OCc5ccccc54)CC3)cc2s1,CHEMBL5428238
CHEMBL282767,O=C(Cn1cc(C(F)(F)F)ccc1=O)NCc1nc2cc(C(=O)N3CCC(N4C(=O)OCc5ccccc54)CC3)ccc2s1,CHEMBL5428238
CHEMBL13626,CC(C)C[C@H]1C(=O)N2CCCC2[C@]2(C)O[C@](NC(=O)C3C=C4c5cccc6[nH]c(Br)c(c56)C[C@H]4N(C)C3)(C(C)C)C(=O)N12,CHEMBL5289987
CHEMBL14970,COc1ccc(N(C(=O)CN2C(=O)C(NC(=O)Nc3cccc(C(=O)O)c3)[N+]([O-])=C(C3CCCCC3)c3ccccc32)C(C)C)cc1,CHEMBL5289987
CHEMBL277214,CN(Cc1ccccc1)Cc1c(-c2ccc(NC(=O)NO)cc2)sc2c1c(=O)n(-c1ccccc1)c(=O)n2Cc1c(F)cccc1F,CHEMBL5289987
CHEMBL26080,COc1cc(C(=O)NS(=O)(=O)c2ccccc2C)ccc1Cc1cn(C)c2ccc(C(=O)NCC3CC(F)(F)C(F)(F)C3)cc12,CHEMBL5289987
CHEMBL284703,COC(=O)c1ccccc1CN1N=C(c2ccc3nc(C4CC4)n(Cc4ccc(-c5ccccc5-c5nn[nH]n5)cc4)c3c2)C(C)CC1=O,CHEMBL5289987
CHEMBL278094,O=C(O)c1ccc(S(=O)(=O)Oc2ccc(-c3ccc(-c4c(C(=O)c5ccccc5)oc5ccccc45)cc3)cc2[N+](=O)[O-])cc1O,CHEMBL5289987
CHEMBL26192,Cc1ccc2cccc(OCc3c(Cl)ccc(N(C)C(=O)Cc4ccc(C(=O)c5ccc(S(N)(=O)=O)cc5)n4C)c3Cl)c2n1,CHEMBL5289987
CHEMBL282562,CC(=O)Nc1ccc(C(=O)c2ccc(CC(=O)N(C)c3ccc(Cl)c(COc4cccc5ccc(C)nc45)c3Cl)n2C)cc1,CHEMBL5289987
CHEMBL286556,CC(=O)Nc1cccc(C(=O)c2ccc(CC(=O)N(C)c3ccc(Cl)c(COc4cccc5ccc(C)nc45)c3Cl)n2C)c1,CHEMBL5289987
CHEMBL25748,CC(=O)Nc1ccccc1C(=O)c1ccc(CC(=O)N(C)c2ccc(Cl)c(COc3cccc4ccc(C)nc34)c2Cl)n1C,CHEMBL5289987
CHEMBL29853,Cn1nnnc1-c1ccccc1-c1ccc(Cn2cnc3ccc(N(Cc4ccc(C(=O)O)cc4)C(=O)c4ccccc4)cc3c2=O)cc1,CHEMBL5289987
CHEMBL282168,CCCCN(C(=O)c1ccc(O)cc1)c1ccc2ncn(Cc3ccc(-c4ccccc4-c4nnnn4C)cc3)c(=O)c2c1,CHEMBL5289987
CHEMBL29067,CCOC(=O)C1=C(c2ccc(-n3c(C)nc4cnccc43)cc2)NC(C)=C(C(=O)Nc2ccccn2)C1c1ccccc1Cl,CHEMBL5289987
CHEMBL287596,C=C1C[C@@]23O[C@]2(c2ccccc21)C1CC(OC(=O)[C@H](O)[C@@H](NC(=O)OCC)c2ccc(OCc4ccccc4)cc2)C3(C)C1(C)C,CHEMBL5289987
CHEMBL262386,CCOC(=O)N[C@@H](c1ccc(OCc2ccccc2)cc1)[C@@H](O)C(=O)OC1CC2C(C)(C)C1(C)[C@@]13C[C@H](C)c4ccccc4[C@@]21O3,CHEMBL5289987
CHEMBL20417,COC(=O)Nc1ccc2[nH]c(C(=O)N3C[C@@H](CBr)c4c3cc(OC(=O)N(C)C)c3c4C(=O)[C@](C)(C(=O)OC)N3)cc2c1,CHEMBL5276699
CHEMBL27268,CC1(C)CNc2c(cccc2S(=O)(=O)N[C@@H](Cc2nc3ccccc3s2)C(=O)N2CCC(CCNC(=O)OC(C)(C)C)CC2)C1,CHEMBL5276699
CHEMBL32741,Cc1cccc2nc3cccc(C(=O)NCCN4CCN(CCNC(=O)c5cccc6nc7cccc(C)c7nc56)CC4)c3nc12,CHEMBL5276699
CHEMBL32404,O=C(Cn1cnc(C(F)(F)F)cc1=O)NCc1cc2cc(C(=O)N3CCC(N4C(=O)OCc5ccccc54)CC3)ccc2o1,CHEMBL5276699
CHEMBL31065,O=C(Cn1cc(C(F)(F)F)ccc1=O)NCc1cc2cc(C(=O)N3CCC(N4C(=O)OCc5ccccc54)CC3)ccc2o1,CHEMBL5276699
CHEMBL287628,O=C(Cn1cc(C(F)(F)F)ccc1=O)NCc1cc2cc(C(=O)N3CCC(N4C(=O)OCc5c(F)cccc54)CC3)ccc2o1,CHEMBL5276699
CHEMBL287629,O=C(Cn1cc(C(F)(F)F)ccc1=O)NCc1cc2cc(C(=O)N3CCC(N4C(=O)CCc5ccccc54)CC3)ccc2o1,CHEMBL5276699
CHEMBL30910,O=C(Cn1cc(C(F)(F)F)ccc1=O)NCc1cc2cc(C(=O)N3CCC(N4C(=O)OCc5cccc(F)c54)CC3)ccc2o1,CHEMBL5276699
CHEMBL282494,O=C(Cn1cc(C(F)(F)F)ccc1=O)NCc1cc2cc(C(=O)N3CCC(N4C(=O)OCc5ccc(F)cc54)CC3)ccc2o1,CHEMBL5276699
CHEMBL283039,O=C(Cn1cc(C(F)(F)F)ccc1=O)NCc1cc2cc(C(=O)N3CCC(N4C(=O)OCc5cc(F)ccc54)CC3)ccc2o1,CHEMBL5276699
CHEMBL281106,Cn1c(CNC(=O)Cn2cc(C(F)(F)F)ccc2=O)cc2ccc(C(=O)N3CCC(N4C(=O)OCc5ccccc54)CC3)cc21,CHEMBL5276699
CHEMBL772,COC(=O)[C@H]1[C@H]2C[C@@H]3c4[nH]c5cc(OC)ccc5c4CCN3C[C@H]2C[C@@H](OC(=O)c2cc(OC)c(OC)c(OC)c2)[C@@H]1OC,CHEMBL5276699
CHEMBL30550,O=C(Cn1cc(C(F)(F)F)ccc1=O)NCc1cc2ccc(C(=O)N3CCC(N4C(=O)OCc5ccccc54)CC3)cc2o1,CHEMBL5276699
CHEMBL284442,O=C(Cn1cc(C(F)(F)F)ccc1=O)NCc1cc2cc(C(=O)N3CCC(N4C(=O)OCc5ccccc54)CC3)cnc2o1,CHEMBL5276699
CHEMBL423119,C[C@](Cc1c[nH]c2ccccc12)(NC(=O)OC1C2CC3CC(C2)CC1C3)C(=O)N1C[C@H](Oc2ccc([N+](=O)[O-])cc2)C[C@@H]1C(=O)O,CHEMBL5276699
CHEMBL276737,O=c1c2c(oc(O)c1C(c1cccc(NS(=O)(=O)c3ccc(C(F)(F)F)c(C(F)(F)F)c3)c1)C1CC1)CCCCCC2,CHEMBL5286301
CHEMBL16339,O=c1c2c(oc(O)c1C(c1cccc(NS(=O)(=O)c3ccc(Cl)c(Cl)c3Cl)c1)C1CC1)CCCCCC2,CHEMBL5286301
CHEMBL265238,C=C(C)[C@@H]1CC[C@]2(C(=O)N[C@@H](CCSC)C(=O)OC)CC[C@]3(C)[C@H](CC[C@@H]4[C@@]5(C)CC[C@H](O)C(C)(C)[C@@H]5CC[C@]43C)[C@@H]12,CHEMBL5286301
CHEMBL538903,O=C(O)c1ccc(S(=O)(=O)Oc2ccc(-c3ccc(-c4c(Cc5ccccc5)oc5ccccc45)cc3)cc2[N+](=O)[O-])cc1O,CHEMBL5286301
CHEMBL286711,Cc1ccc2cccc(OCc3c(Cl)ccc(NC(=O)Cc4ccc(C(=O)c5ccc(C#N)cc5)n4C)c3Cl)c2n1,CHEMBL5286301
CHEMBL281951,Cc1ccc2cccc(OCc3c(Cl)ccc(N(C)C(=O)Cc4ccc(C(=O)c5ccc(C#N)cc5)[nH]4)c3Cl)c2n1,CHEMBL5286301
CHEMBL29147,COc1cc2c(Sc3ccc4c(c3)OCO4)c(C(=O)O)n(Cc3ccc4c(c3)OCO4)c2cc1OCc1ccccc1,CHEMBL5286301
CHEMBL281044,O=C(Cn1ccc2ccccc2c1=O)NCc1cc2cc(C(=O)N3CCC(N4C(=O)OCc5ccccc54)CC3)ccc2o1,CHEMBL5286301
CHEMBL285419,C[C@](Cc1c[nH]c2ccccc12)(NC(=O)OC1C2CC3CC(C2)CC1C3)C(=O)N1C[C@H](OCc2ccccc2)C[C@@H]1C(=O)O,CHEMBL5286301
CHEMBL30804,CC(C)C[C@H](CP(=O)(O)CSc1ccc2ccccc2n1)C(=O)N[C@H]1Cc2cn(c3ccccc23)CCCCCCNC1=O,CHEMBL5286301
CHEMBL30524,C[C@](Cc1c[nH]c2ccccc12)(NC(=O)OC1C2CC3CC(C2)CC1C3)C(=O)N1C[C@H](Oc2ccc(F)cc2F)C[C@@H]1C(=O)O,CHEMBL5286301
CHEMBL285994,O=C(NS(=O)(=O)c1ccccc1)c1cc(Br)cc2c(=O)cc(-c3ccc(OCc4ccc5ccccc5n4)cc3)oc12,CHEMBL5286301
CHEMBL285850,CCc1cccc2c1N(CC(=O)N1CC3CCC(CC3)C1)C(=O)C(NC(=O)Nc1cccc(-c3nn[nH]n3)c1)N=C2c1ccccc1F,CHEMBL5286301
CHEMBL32785,COC(=O)c1c(C(F)(F)F)[nH]c2c(O)cc3c(c12)[C@H](CCl)CN3C(=O)c1cc2cc(OC)c(OC)c(OC)c2o1,CHEMBL5286301
CHEMBL286568,COC(=O)c1c(C(F)(F)F)[nH]c2c(O)cc3c(c12)[C@H](CCl)CN3C(=O)c1cc2cc(OC)c(OC)c(OC)c2[nH]1,CHEMBL5286301
